Pecha ID,Download Link,Non Word Ratio
PC7518B4E,https://github.com/OpenPecha/PC7518B4E/archive/refs/heads/botok.zip,0.12
PEAE1BEB5,https://github.com/OpenPecha/PEAE1BEB5/archive/refs/heads/botok.zip,0.06
P9AAABA99,https://github.com/OpenPecha/P9AAABA99/archive/refs/heads/botok.zip,0.09
PE08B39D4,https://github.com/OpenPecha/PE08B39D4/archive/refs/heads/botok.zip,0.09
P660CE4D0,https://github.com/OpenPecha/P660CE4D0/archive/refs/heads/botok.zip,0.06
P4A2FAFEA,https://github.com/OpenPecha/P4A2FAFEA/archive/refs/heads/botok.zip,0.1
PC55A2EBF,https://github.com/OpenPecha/PC55A2EBF/archive/refs/heads/botok.zip,0.08
PC78343A6,https://github.com/OpenPecha/PC78343A6/archive/refs/heads/botok.zip,0.07
P406E0054,https://github.com/OpenPecha/P406E0054/archive/refs/heads/botok.zip,0.08
PC22CB91F,https://github.com/OpenPecha/PC22CB91F/archive/refs/heads/botok.zip,0.13
PB94F36D6,https://github.com/OpenPecha/PB94F36D6/archive/refs/heads/botok.zip,0.12
P4D4F7C47,https://github.com/OpenPecha/P4D4F7C47/archive/refs/heads/botok.zip,0.1
PD6E5AF10,https://github.com/OpenPecha/PD6E5AF10/archive/refs/heads/botok.zip,0.1
P143DB3B5,https://github.com/OpenPecha/P143DB3B5/archive/refs/heads/botok.zip,0.14
PDF4FD415,https://github.com/OpenPecha/PDF4FD415/archive/refs/heads/botok.zip,0.09
PED98E392,https://github.com/OpenPecha/PED98E392/archive/refs/heads/botok.zip,0.1
PE99138DF,https://github.com/OpenPecha/PE99138DF/archive/refs/heads/botok.zip,0.14
PC74743EF,https://github.com/OpenPecha/PC74743EF/archive/refs/heads/botok.zip,0.08
P02D29113,https://github.com/OpenPecha/P02D29113/archive/refs/heads/botok.zip,0.09
P95488BBE,https://github.com/OpenPecha/P95488BBE/archive/refs/heads/botok.zip,0.09
P16A78071,https://github.com/OpenPecha/P16A78071/archive/refs/heads/botok.zip,0.08
PE997BD16,https://github.com/OpenPecha/PE997BD16/archive/refs/heads/botok.zip,0.1
P0680C678,https://github.com/OpenPecha/P0680C678/archive/refs/heads/botok.zip,0.11
P9224D7A7,https://github.com/OpenPecha/P9224D7A7/archive/refs/heads/botok.zip,0.09
PAD105AAA,https://github.com/OpenPecha/PAD105AAA/archive/refs/heads/botok.zip,0.09
P3C42B0C4,https://github.com/OpenPecha/P3C42B0C4/archive/refs/heads/botok.zip,0.09
P42A41338,https://github.com/OpenPecha/P42A41338/archive/refs/heads/botok.zip,0.11
PD0D6CD6A,https://github.com/OpenPecha/PD0D6CD6A/archive/refs/heads/botok.zip,0.12
PA0C4F688,https://github.com/OpenPecha/PA0C4F688/archive/refs/heads/botok.zip,0.06
P94CE90D9,https://github.com/OpenPecha/P94CE90D9/archive/refs/heads/botok.zip,0.06
PAF6381F7,https://github.com/OpenPecha/PAF6381F7/archive/refs/heads/botok.zip,0.08
PB35A1867,https://github.com/OpenPecha/PB35A1867/archive/refs/heads/botok.zip,0.06
PBCFFF7D9,https://github.com/OpenPecha/PBCFFF7D9/archive/refs/heads/botok.zip,0.11
P5BB5C91C,https://github.com/OpenPecha/P5BB5C91C/archive/refs/heads/botok.zip,0.12
P37F1E12B,https://github.com/OpenPecha/P37F1E12B/archive/refs/heads/botok.zip,0.04
PEEEF5601,https://github.com/OpenPecha/PEEEF5601/archive/refs/heads/botok.zip,0.1
P8E5295F4,https://github.com/OpenPecha/P8E5295F4/archive/refs/heads/botok.zip,0.05
P40F39034,https://github.com/OpenPecha/P40F39034/archive/refs/heads/botok.zip,0.05
P9AD6513A,https://github.com/OpenPecha/P9AD6513A/archive/refs/heads/botok.zip,0.06
P49D5DF22,https://github.com/OpenPecha/P49D5DF22/archive/refs/heads/botok.zip,0.09
PB1F01C72,https://github.com/OpenPecha/PB1F01C72/archive/refs/heads/botok.zip,0.07
P78B8B084,https://github.com/OpenPecha/P78B8B084/archive/refs/heads/botok.zip,0.07
P20D4CD88,https://github.com/OpenPecha/P20D4CD88/archive/refs/heads/botok.zip,0.08
PA325D444,https://github.com/OpenPecha/PA325D444/archive/refs/heads/botok.zip,0.05
P6AD504B4,https://github.com/OpenPecha/P6AD504B4/archive/refs/heads/botok.zip,0.11
PF7980EB7,https://github.com/OpenPecha/PF7980EB7/archive/refs/heads/botok.zip,0.07
P1483B981,https://github.com/OpenPecha/P1483B981/archive/refs/heads/botok.zip,0.08
P1E7C87B2,https://github.com/OpenPecha/P1E7C87B2/archive/refs/heads/botok.zip,0.11
P27472E7F,https://github.com/OpenPecha/P27472E7F/archive/refs/heads/botok.zip,0.09
P54C08941,https://github.com/OpenPecha/P54C08941/archive/refs/heads/botok.zip,0.08
P3CA53E6D,https://github.com/OpenPecha/P3CA53E6D/archive/refs/heads/botok.zip,0.07
PFF984DA1,https://github.com/OpenPecha/PFF984DA1/archive/refs/heads/botok.zip,0.09
P1F3A55AB,https://github.com/OpenPecha/P1F3A55AB/archive/refs/heads/botok.zip,0.09
P021E806F,https://github.com/OpenPecha/P021E806F/archive/refs/heads/botok.zip,0.1
PB39363F1,https://github.com/OpenPecha/PB39363F1/archive/refs/heads/botok.zip,0.1
PD25D93F3,https://github.com/OpenPecha/PD25D93F3/archive/refs/heads/botok.zip,0.06
P8871CF91,https://github.com/OpenPecha/P8871CF91/archive/refs/heads/botok.zip,0.14
P6434F7EC,https://github.com/OpenPecha/P6434F7EC/archive/refs/heads/botok.zip,0.11
P27972C00,https://github.com/OpenPecha/P27972C00/archive/refs/heads/botok.zip,0.09
P713072EB,https://github.com/OpenPecha/P713072EB/archive/refs/heads/botok.zip,0.04
P1DBA4B1B,https://github.com/OpenPecha/P1DBA4B1B/archive/refs/heads/botok.zip,0.09
P18B0A4F3,https://github.com/OpenPecha/P18B0A4F3/archive/refs/heads/botok.zip,0.1
PF509153F,https://github.com/OpenPecha/PF509153F/archive/refs/heads/botok.zip,0.09
P1C9D1A84,https://github.com/OpenPecha/P1C9D1A84/archive/refs/heads/botok.zip,0.13
PED7037E7,https://github.com/OpenPecha/PED7037E7/archive/refs/heads/botok.zip,0.09
P43A37A26,https://github.com/OpenPecha/P43A37A26/archive/refs/heads/botok.zip,0.1
P95B1A808,https://github.com/OpenPecha/P95B1A808/archive/refs/heads/botok.zip,0.12
P99E8AEFF,https://github.com/OpenPecha/P99E8AEFF/archive/refs/heads/botok.zip,0.08
PBA3FC841,https://github.com/OpenPecha/PBA3FC841/archive/refs/heads/botok.zip,0.13
P475C06B4,https://github.com/OpenPecha/P475C06B4/archive/refs/heads/botok.zip,0.13
P7E3BC377,https://github.com/OpenPecha/P7E3BC377/archive/refs/heads/botok.zip,0.04
P30CE3E1B,https://github.com/OpenPecha/P30CE3E1B/archive/refs/heads/botok.zip,0.07
P29441874,https://github.com/OpenPecha/P29441874/archive/refs/heads/botok.zip,0.11
PF8D4D2F8,https://github.com/OpenPecha/PF8D4D2F8/archive/refs/heads/botok.zip,0.12
P255114CD,https://github.com/OpenPecha/P255114CD/archive/refs/heads/botok.zip,0.08
P777E0689,https://github.com/OpenPecha/P777E0689/archive/refs/heads/botok.zip,0.08
P71B4496F,https://github.com/OpenPecha/P71B4496F/archive/refs/heads/botok.zip,0.06
P16DE2169,https://github.com/OpenPecha/P16DE2169/archive/refs/heads/botok.zip,0.12
P66622622,https://github.com/OpenPecha/P66622622/archive/refs/heads/botok.zip,0.14
P6CC3CCC1,https://github.com/OpenPecha/P6CC3CCC1/archive/refs/heads/botok.zip,0.07
P4FB4F8DF,https://github.com/OpenPecha/P4FB4F8DF/archive/refs/heads/botok.zip,0.17
P04B0707B,https://github.com/OpenPecha/P04B0707B/archive/refs/heads/botok.zip,0.06
P10546411,https://github.com/OpenPecha/P10546411/archive/refs/heads/botok.zip,0.1
PF4238277,https://github.com/OpenPecha/PF4238277/archive/refs/heads/botok.zip,0.08
P40CBB9B0,https://github.com/OpenPecha/P40CBB9B0/archive/refs/heads/botok.zip,0.07
PEACB4FF4,https://github.com/OpenPecha/PEACB4FF4/archive/refs/heads/botok.zip,0.09
P84CF83D0,https://github.com/OpenPecha/P84CF83D0/archive/refs/heads/botok.zip,0.09
P7D74A473,https://github.com/OpenPecha/P7D74A473/archive/refs/heads/botok.zip,0.08
PCE949524,https://github.com/OpenPecha/PCE949524/archive/refs/heads/botok.zip,0.19
P422D93A4,https://github.com/OpenPecha/P422D93A4/archive/refs/heads/botok.zip,0.08
P4A01CB1A,https://github.com/OpenPecha/P4A01CB1A/archive/refs/heads/botok.zip,0.1
PF5EBF866,https://github.com/OpenPecha/PF5EBF866/archive/refs/heads/botok.zip,0.13
PBCB15A44,https://github.com/OpenPecha/PBCB15A44/archive/refs/heads/botok.zip,0.06
P341CA240,https://github.com/OpenPecha/P341CA240/archive/refs/heads/botok.zip,0.11
P8300CAF2,https://github.com/OpenPecha/P8300CAF2/archive/refs/heads/botok.zip,0.06
P64679D44,https://github.com/OpenPecha/P64679D44/archive/refs/heads/botok.zip,0.1
PA4203333,https://github.com/OpenPecha/PA4203333/archive/refs/heads/botok.zip,0.1
PDA8EF784,https://github.com/OpenPecha/PDA8EF784/archive/refs/heads/botok.zip,0.11
PEDEC44EC,https://github.com/OpenPecha/PEDEC44EC/archive/refs/heads/botok.zip,0.08
PCF5BC8F9,https://github.com/OpenPecha/PCF5BC8F9/archive/refs/heads/botok.zip,0.1
PFF101AF0,https://github.com/OpenPecha/PFF101AF0/archive/refs/heads/botok.zip,0.11
P6E4E79B4,https://github.com/OpenPecha/P6E4E79B4/archive/refs/heads/botok.zip,0.08
PE34E2A4E,https://github.com/OpenPecha/PE34E2A4E/archive/refs/heads/botok.zip,0.08
P5C2F143B,https://github.com/OpenPecha/P5C2F143B/archive/refs/heads/botok.zip,0.08
P1639B1BF,https://github.com/OpenPecha/P1639B1BF/archive/refs/heads/botok.zip,0.1
PBC60C999,https://github.com/OpenPecha/PBC60C999/archive/refs/heads/botok.zip,0.1
PB55F699D,https://github.com/OpenPecha/PB55F699D/archive/refs/heads/botok.zip,0.09
P87AE4906,https://github.com/OpenPecha/P87AE4906/archive/refs/heads/botok.zip,0.04
P97276222,https://github.com/OpenPecha/P97276222/archive/refs/heads/botok.zip,0.12
P0881EB8A,https://github.com/OpenPecha/P0881EB8A/archive/refs/heads/botok.zip,0.06
PBD7D4656,https://github.com/OpenPecha/PBD7D4656/archive/refs/heads/botok.zip,0.11
P7445551F,https://github.com/OpenPecha/P7445551F/archive/refs/heads/botok.zip,0.09
P84E34897,https://github.com/OpenPecha/P84E34897/archive/refs/heads/botok.zip,0.13
P3BB5B2BA,https://github.com/OpenPecha/P3BB5B2BA/archive/refs/heads/botok.zip,0.11
P6DB58D3A,https://github.com/OpenPecha/P6DB58D3A/archive/refs/heads/botok.zip,0.08
P0D4D7134,https://github.com/OpenPecha/P0D4D7134/archive/refs/heads/botok.zip,0.08
P39B5079F,https://github.com/OpenPecha/P39B5079F/archive/refs/heads/botok.zip,0.09
PDCFFD598,https://github.com/OpenPecha/PDCFFD598/archive/refs/heads/botok.zip,0.16
PEB41AFD6,https://github.com/OpenPecha/PEB41AFD6/archive/refs/heads/botok.zip,0.06
P1AD584AC,https://github.com/OpenPecha/P1AD584AC/archive/refs/heads/botok.zip,0.08
P9251201B,https://github.com/OpenPecha/P9251201B/archive/refs/heads/botok.zip,0.13
P84A8E91D,https://github.com/OpenPecha/P84A8E91D/archive/refs/heads/botok.zip,0.07
P72E45B21,https://github.com/OpenPecha/P72E45B21/archive/refs/heads/botok.zip,0.13
P7B36D315,https://github.com/OpenPecha/P7B36D315/archive/refs/heads/botok.zip,0.09
P3AE05A34,https://github.com/OpenPecha/P3AE05A34/archive/refs/heads/botok.zip,0.09
PD74B642B,https://github.com/OpenPecha/PD74B642B/archive/refs/heads/botok.zip,0.15
P52AC2912,https://github.com/OpenPecha/P52AC2912/archive/refs/heads/botok.zip,0.06
PE996E0A3,https://github.com/OpenPecha/PE996E0A3/archive/refs/heads/botok.zip,0.1
PA061E4FE,https://github.com/OpenPecha/PA061E4FE/archive/refs/heads/botok.zip,0.08
P2BC96978,https://github.com/OpenPecha/P2BC96978/archive/refs/heads/botok.zip,0.07
PDAD277B5,https://github.com/OpenPecha/PDAD277B5/archive/refs/heads/botok.zip,0.09
P01FC92F9,https://github.com/OpenPecha/P01FC92F9/archive/refs/heads/botok.zip,0.1
PD7D5095D,https://github.com/OpenPecha/PD7D5095D/archive/refs/heads/botok.zip,0.1
PA9A647C7,https://github.com/OpenPecha/PA9A647C7/archive/refs/heads/botok.zip,0.09
P4FFDD2DA,https://github.com/OpenPecha/P4FFDD2DA/archive/refs/heads/botok.zip,0.06
P4BCCB055,https://github.com/OpenPecha/P4BCCB055/archive/refs/heads/botok.zip,0.06
P81FA3288,https://github.com/OpenPecha/P81FA3288/archive/refs/heads/botok.zip,0.09
PACA77A7C,https://github.com/OpenPecha/PACA77A7C/archive/refs/heads/botok.zip,0.13
PA2767344,https://github.com/OpenPecha/PA2767344/archive/refs/heads/botok.zip,0.08
P3E9716AE,https://github.com/OpenPecha/P3E9716AE/archive/refs/heads/botok.zip,0.09
PA2C709C8,https://github.com/OpenPecha/PA2C709C8/archive/refs/heads/botok.zip,0.05
P484E85A2,https://github.com/OpenPecha/P484E85A2/archive/refs/heads/botok.zip,0.07
P8E1EEE84,https://github.com/OpenPecha/P8E1EEE84/archive/refs/heads/botok.zip,0.08
P0E808408,https://github.com/OpenPecha/P0E808408/archive/refs/heads/botok.zip,0.09
P44A0CFCF,https://github.com/OpenPecha/P44A0CFCF/archive/refs/heads/botok.zip,0.09
PA7347EEF,https://github.com/OpenPecha/PA7347EEF/archive/refs/heads/botok.zip,0.1
P41351915,https://github.com/OpenPecha/P41351915/archive/refs/heads/botok.zip,0.04
P2100884D,https://github.com/OpenPecha/P2100884D/archive/refs/heads/botok.zip,0.13
PE50AC665,https://github.com/OpenPecha/PE50AC665/archive/refs/heads/botok.zip,0.07
PF3E1AF9E,https://github.com/OpenPecha/PF3E1AF9E/archive/refs/heads/botok.zip,0.08
PA42733A1,https://github.com/OpenPecha/PA42733A1/archive/refs/heads/botok.zip,0.09
PA8EE6EBD,https://github.com/OpenPecha/PA8EE6EBD/archive/refs/heads/botok.zip,0.06
P96FAE8E4,https://github.com/OpenPecha/P96FAE8E4/archive/refs/heads/botok.zip,0.11
P44152274,https://github.com/OpenPecha/P44152274/archive/refs/heads/botok.zip,0.12
PACDA9D41,https://github.com/OpenPecha/PACDA9D41/archive/refs/heads/botok.zip,0.11
PAE6EA76F,https://github.com/OpenPecha/PAE6EA76F/archive/refs/heads/botok.zip,0.11
P6DC00F9D,https://github.com/OpenPecha/P6DC00F9D/archive/refs/heads/botok.zip,0.08
P30774880,https://github.com/OpenPecha/P30774880/archive/refs/heads/botok.zip,0.05
P4EB2C2F2,https://github.com/OpenPecha/P4EB2C2F2/archive/refs/heads/botok.zip,0.08
PD4035CC7,https://github.com/OpenPecha/PD4035CC7/archive/refs/heads/botok.zip,0.08
PA5EC644A,https://github.com/OpenPecha/PA5EC644A/archive/refs/heads/botok.zip,0.05
PDB1ED394,https://github.com/OpenPecha/PDB1ED394/archive/refs/heads/botok.zip,0.07
P847E4D38,https://github.com/OpenPecha/P847E4D38/archive/refs/heads/botok.zip,0.08
P6EE98736,https://github.com/OpenPecha/P6EE98736/archive/refs/heads/botok.zip,0.1
P84242D2A,https://github.com/OpenPecha/P84242D2A/archive/refs/heads/botok.zip,0.07
P44F8A794,https://github.com/OpenPecha/P44F8A794/archive/refs/heads/botok.zip,0.1
PC5A0EB16,https://github.com/OpenPecha/PC5A0EB16/archive/refs/heads/botok.zip,0.08
PBF1DB1B2,https://github.com/OpenPecha/PBF1DB1B2/archive/refs/heads/botok.zip,0.1
P30078707,https://github.com/OpenPecha/P30078707/archive/refs/heads/botok.zip,0.11
P811ADACB,https://github.com/OpenPecha/P811ADACB/archive/refs/heads/botok.zip,0.1
P4CB0ECCC,https://github.com/OpenPecha/P4CB0ECCC/archive/refs/heads/botok.zip,0.1
P3378BE29,https://github.com/OpenPecha/P3378BE29/archive/refs/heads/botok.zip,0.05
P4A48C9DC,https://github.com/OpenPecha/P4A48C9DC/archive/refs/heads/botok.zip,0.08
P17288177,https://github.com/OpenPecha/P17288177/archive/refs/heads/botok.zip,0.09
P845D2D56,https://github.com/OpenPecha/P845D2D56/archive/refs/heads/botok.zip,0.04
P595A23E0,https://github.com/OpenPecha/P595A23E0/archive/refs/heads/botok.zip,0.09
P5FFC2AC1,https://github.com/OpenPecha/P5FFC2AC1/archive/refs/heads/botok.zip,0.19
PAFFD6663,https://github.com/OpenPecha/PAFFD6663/archive/refs/heads/botok.zip,0.07
P7E5664CE,https://github.com/OpenPecha/P7E5664CE/archive/refs/heads/botok.zip,0.2
P5237D7A2,https://github.com/OpenPecha/P5237D7A2/archive/refs/heads/botok.zip,0.09
PB34E99F3,https://github.com/OpenPecha/PB34E99F3/archive/refs/heads/botok.zip,0.12
P09E23C7D,https://github.com/OpenPecha/P09E23C7D/archive/refs/heads/botok.zip,0.07
P71526C55,https://github.com/OpenPecha/P71526C55/archive/refs/heads/botok.zip,0.1
P89764226,https://github.com/OpenPecha/P89764226/archive/refs/heads/botok.zip,0.18
P9E6EA794,https://github.com/OpenPecha/P9E6EA794/archive/refs/heads/botok.zip,0.11
P4264B2BD,https://github.com/OpenPecha/P4264B2BD/archive/refs/heads/botok.zip,0.08
P766B7496,https://github.com/OpenPecha/P766B7496/archive/refs/heads/botok.zip,0.06
PCC4F6364,https://github.com/OpenPecha/PCC4F6364/archive/refs/heads/botok.zip,0.06
PCC9E8EE9,https://github.com/OpenPecha/PCC9E8EE9/archive/refs/heads/botok.zip,0.05
PA190137F,https://github.com/OpenPecha/PA190137F/archive/refs/heads/botok.zip,0.1
PA8F14881,https://github.com/OpenPecha/PA8F14881/archive/refs/heads/botok.zip,0.1
P02F3943C,https://github.com/OpenPecha/P02F3943C/archive/refs/heads/botok.zip,0.11
PB6F8568D,https://github.com/OpenPecha/PB6F8568D/archive/refs/heads/botok.zip,0.05
PD6731041,https://github.com/OpenPecha/PD6731041/archive/refs/heads/botok.zip,0.07
P7B4D9442,https://github.com/OpenPecha/P7B4D9442/archive/refs/heads/botok.zip,0.08
P7B8ECEA7,https://github.com/OpenPecha/P7B8ECEA7/archive/refs/heads/botok.zip,0.12
P50AD1592,https://github.com/OpenPecha/P50AD1592/archive/refs/heads/botok.zip,0.07
P1225EE31,https://github.com/OpenPecha/P1225EE31/archive/refs/heads/botok.zip,0.08
P8C383831,https://github.com/OpenPecha/P8C383831/archive/refs/heads/botok.zip,0.14
PEA34D30B,https://github.com/OpenPecha/PEA34D30B/archive/refs/heads/botok.zip,0.1
P9020B554,https://github.com/OpenPecha/P9020B554/archive/refs/heads/botok.zip,0.1
P14DC7DE4,https://github.com/OpenPecha/P14DC7DE4/archive/refs/heads/botok.zip,0.09
P332D7206,https://github.com/OpenPecha/P332D7206/archive/refs/heads/botok.zip,0.09
PD7FD3E31,https://github.com/OpenPecha/PD7FD3E31/archive/refs/heads/botok.zip,0.08
P727D67DF,https://github.com/OpenPecha/P727D67DF/archive/refs/heads/botok.zip,0.1
P1522A5BD,https://github.com/OpenPecha/P1522A5BD/archive/refs/heads/botok.zip,0.1
P852C48A0,https://github.com/OpenPecha/P852C48A0/archive/refs/heads/botok.zip,0.03
P4C0642FA,https://github.com/OpenPecha/P4C0642FA/archive/refs/heads/botok.zip,0.08
P8AA34A63,https://github.com/OpenPecha/P8AA34A63/archive/refs/heads/botok.zip,0.07
P4781E4BC,https://github.com/OpenPecha/P4781E4BC/archive/refs/heads/botok.zip,0.17
P5D632458,https://github.com/OpenPecha/P5D632458/archive/refs/heads/botok.zip,0.08
PD8A263D2,https://github.com/OpenPecha/PD8A263D2/archive/refs/heads/botok.zip,0.18
P688E4E68,https://github.com/OpenPecha/P688E4E68/archive/refs/heads/botok.zip,0.09
P0A4DBC4E,https://github.com/OpenPecha/P0A4DBC4E/archive/refs/heads/botok.zip,0.07
PA99BD59E,https://github.com/OpenPecha/PA99BD59E/archive/refs/heads/botok.zip,0.07
P1780A596,https://github.com/OpenPecha/P1780A596/archive/refs/heads/botok.zip,0.11
P154854BC,https://github.com/OpenPecha/P154854BC/archive/refs/heads/botok.zip,0.17
PD69660D1,https://github.com/OpenPecha/PD69660D1/archive/refs/heads/botok.zip,0.07
P0DFF25C5,https://github.com/OpenPecha/P0DFF25C5/archive/refs/heads/botok.zip,0.11
PA4D3B0D3,https://github.com/OpenPecha/PA4D3B0D3/archive/refs/heads/botok.zip,0.09
P94558C35,https://github.com/OpenPecha/P94558C35/archive/refs/heads/botok.zip,0.08
PB36417B6,https://github.com/OpenPecha/PB36417B6/archive/refs/heads/botok.zip,0.1
PAD313CC2,https://github.com/OpenPecha/PAD313CC2/archive/refs/heads/botok.zip,0.09
PF694747D,https://github.com/OpenPecha/PF694747D/archive/refs/heads/botok.zip,0.08
PECCA79BA,https://github.com/OpenPecha/PECCA79BA/archive/refs/heads/botok.zip,0.1
P159B1A21,https://github.com/OpenPecha/P159B1A21/archive/refs/heads/botok.zip,0.09
PC587C685,https://github.com/OpenPecha/PC587C685/archive/refs/heads/botok.zip,0.12
PF0496944,https://github.com/OpenPecha/PF0496944/archive/refs/heads/botok.zip,0.05
P1BD2934D,https://github.com/OpenPecha/P1BD2934D/archive/refs/heads/botok.zip,0.1
P3BE7CFB2,https://github.com/OpenPecha/P3BE7CFB2/archive/refs/heads/botok.zip,0.05
PDB45CEC9,https://github.com/OpenPecha/PDB45CEC9/archive/refs/heads/botok.zip,0.09
PE540AA3A,https://github.com/OpenPecha/PE540AA3A/archive/refs/heads/botok.zip,
P4A36CC31,https://github.com/OpenPecha/P4A36CC31/archive/refs/heads/botok.zip,0.12
P4DADD3C3,https://github.com/OpenPecha/P4DADD3C3/archive/refs/heads/botok.zip,0.11
PDCB8CAB0,https://github.com/OpenPecha/PDCB8CAB0/archive/refs/heads/botok.zip,0.09
P25FA9946,https://github.com/OpenPecha/P25FA9946/archive/refs/heads/botok.zip,0.06
PD6721660,https://github.com/OpenPecha/PD6721660/archive/refs/heads/botok.zip,0.1
P7FCBE252,https://github.com/OpenPecha/P7FCBE252/archive/refs/heads/botok.zip,0.06
P6685086B,https://github.com/OpenPecha/P6685086B/archive/refs/heads/botok.zip,0.17
P9C33C29C,https://github.com/OpenPecha/P9C33C29C/archive/refs/heads/botok.zip,0.1
P676366DB,https://github.com/OpenPecha/P676366DB/archive/refs/heads/botok.zip,0.09
P1F55B2DA,https://github.com/OpenPecha/P1F55B2DA/archive/refs/heads/botok.zip,0.11
PD71218F1,https://github.com/OpenPecha/PD71218F1/archive/refs/heads/botok.zip,0.13
P5B16B968,https://github.com/OpenPecha/P5B16B968/archive/refs/heads/botok.zip,0.08
P1F266394,https://github.com/OpenPecha/P1F266394/archive/refs/heads/botok.zip,0.06
P24A4BC24,https://github.com/OpenPecha/P24A4BC24/archive/refs/heads/botok.zip,0.09
P6F40FA2E,https://github.com/OpenPecha/P6F40FA2E/archive/refs/heads/botok.zip,0.1
P412980F9,https://github.com/OpenPecha/P412980F9/archive/refs/heads/botok.zip,0.11
PCEEB77B2,https://github.com/OpenPecha/PCEEB77B2/archive/refs/heads/botok.zip,0.1
PDB6F8F49,https://github.com/OpenPecha/PDB6F8F49/archive/refs/heads/botok.zip,0.11
P994144F0,https://github.com/OpenPecha/P994144F0/archive/refs/heads/botok.zip,0.12
P44873F1F,https://github.com/OpenPecha/P44873F1F/archive/refs/heads/botok.zip,0.1
P4070909D,https://github.com/OpenPecha/P4070909D/archive/refs/heads/botok.zip,0.09
P5939B33C,https://github.com/OpenPecha/P5939B33C/archive/refs/heads/botok.zip,0.08
P793CD0CC,https://github.com/OpenPecha/P793CD0CC/archive/refs/heads/botok.zip,0.2
P547AA824,https://github.com/OpenPecha/P547AA824/archive/refs/heads/botok.zip,0.14
PB78B7899,https://github.com/OpenPecha/PB78B7899/archive/refs/heads/botok.zip,0.07
P1D4F0DBA,https://github.com/OpenPecha/P1D4F0DBA/archive/refs/heads/botok.zip,0.08
P924700E0,https://github.com/OpenPecha/P924700E0/archive/refs/heads/botok.zip,0.11
P8FB5AA41,https://github.com/OpenPecha/P8FB5AA41/archive/refs/heads/botok.zip,0.09
P0D446784,https://github.com/OpenPecha/P0D446784/archive/refs/heads/botok.zip,0.09
PAB455A5F,https://github.com/OpenPecha/PAB455A5F/archive/refs/heads/botok.zip,0.12
PD2325CE7,https://github.com/OpenPecha/PD2325CE7/archive/refs/heads/botok.zip,0.1
P02464513,https://github.com/OpenPecha/P02464513/archive/refs/heads/botok.zip,0.09
PD340F75C,https://github.com/OpenPecha/PD340F75C/archive/refs/heads/botok.zip,0.09
P92C2E499,https://github.com/OpenPecha/P92C2E499/archive/refs/heads/botok.zip,0.09
PF5D575D0,https://github.com/OpenPecha/PF5D575D0/archive/refs/heads/botok.zip,0.1
P582667A8,https://github.com/OpenPecha/P582667A8/archive/refs/heads/botok.zip,0.06
P0BAAA0A0,https://github.com/OpenPecha/P0BAAA0A0/archive/refs/heads/botok.zip,0.12
P63942225,https://github.com/OpenPecha/P63942225/archive/refs/heads/botok.zip,0.09
P4A034246,https://github.com/OpenPecha/P4A034246/archive/refs/heads/botok.zip,0.1
P997D7C8B,https://github.com/OpenPecha/P997D7C8B/archive/refs/heads/botok.zip,0.1
PE1FE3688,https://github.com/OpenPecha/PE1FE3688/archive/refs/heads/botok.zip,0.1
P7B8F913A,https://github.com/OpenPecha/P7B8F913A/archive/refs/heads/botok.zip,0.15
PC37C38C2,https://github.com/OpenPecha/PC37C38C2/archive/refs/heads/botok.zip,0.07
P665CB104,https://github.com/OpenPecha/P665CB104/archive/refs/heads/botok.zip,0.09
P33D1D93A,https://github.com/OpenPecha/P33D1D93A/archive/refs/heads/botok.zip,0.1
P7494938E,https://github.com/OpenPecha/P7494938E/archive/refs/heads/botok.zip,0.12
P40391E88,https://github.com/OpenPecha/P40391E88/archive/refs/heads/botok.zip,0.22
P1447B067,https://github.com/OpenPecha/P1447B067/archive/refs/heads/botok.zip,0.15
P8D0988C9,https://github.com/OpenPecha/P8D0988C9/archive/refs/heads/botok.zip,0.14
P123E9364,https://github.com/OpenPecha/P123E9364/archive/refs/heads/botok.zip,0.1
P9E3C1884,https://github.com/OpenPecha/P9E3C1884/archive/refs/heads/botok.zip,0.1
P912FBA92,https://github.com/OpenPecha/P912FBA92/archive/refs/heads/botok.zip,0.07
PD8C61A48,https://github.com/OpenPecha/PD8C61A48/archive/refs/heads/botok.zip,0.11
P3FD14A63,https://github.com/OpenPecha/P3FD14A63/archive/refs/heads/botok.zip,0.14
P54E3FE44,https://github.com/OpenPecha/P54E3FE44/archive/refs/heads/botok.zip,0.13
P14B8CCA0,https://github.com/OpenPecha/P14B8CCA0/archive/refs/heads/botok.zip,0.11
P7A06A4AA,https://github.com/OpenPecha/P7A06A4AA/archive/refs/heads/botok.zip,0.09
P5DABF371,https://github.com/OpenPecha/P5DABF371/archive/refs/heads/botok.zip,0.16
P2400260A,https://github.com/OpenPecha/P2400260A/archive/refs/heads/botok.zip,0.06
P25645A61,https://github.com/OpenPecha/P25645A61/archive/refs/heads/botok.zip,0.09
P34D7E133,https://github.com/OpenPecha/P34D7E133/archive/refs/heads/botok.zip,0.18
PEFF6FF9D,https://github.com/OpenPecha/PEFF6FF9D/archive/refs/heads/botok.zip,0.15
P4BC81424,https://github.com/OpenPecha/P4BC81424/archive/refs/heads/botok.zip,0.08
P534C7555,https://github.com/OpenPecha/P534C7555/archive/refs/heads/botok.zip,0.09
P1D81C834,https://github.com/OpenPecha/P1D81C834/archive/refs/heads/botok.zip,0.1
P1186A374,https://github.com/OpenPecha/P1186A374/archive/refs/heads/botok.zip,0.14
P81C1EE12,https://github.com/OpenPecha/P81C1EE12/archive/refs/heads/botok.zip,0.1
PD6D7864E,https://github.com/OpenPecha/PD6D7864E/archive/refs/heads/botok.zip,0.1
P4DBA4474,https://github.com/OpenPecha/P4DBA4474/archive/refs/heads/botok.zip,0.09
P1251117F,https://github.com/OpenPecha/P1251117F/archive/refs/heads/botok.zip,0.05
P969B32E3,https://github.com/OpenPecha/P969B32E3/archive/refs/heads/botok.zip,0.08
P54076802,https://github.com/OpenPecha/P54076802/archive/refs/heads/botok.zip,0.13
PC0FD853E,https://github.com/OpenPecha/PC0FD853E/archive/refs/heads/botok.zip,0.09
P1092847D,https://github.com/OpenPecha/P1092847D/archive/refs/heads/botok.zip,0.1
P42994958,https://github.com/OpenPecha/P42994958/archive/refs/heads/botok.zip,0.14
P402E48F5,https://github.com/OpenPecha/P402E48F5/archive/refs/heads/botok.zip,0.17
P33E34BFE,https://github.com/OpenPecha/P33E34BFE/archive/refs/heads/botok.zip,0.06
P3FF8E6FF,https://github.com/OpenPecha/P3FF8E6FF/archive/refs/heads/botok.zip,0.19
P4C2BFFC5,https://github.com/OpenPecha/P4C2BFFC5/archive/refs/heads/botok.zip,0.09
PEB8D7EE1,https://github.com/OpenPecha/PEB8D7EE1/archive/refs/heads/botok.zip,0.11
PB861324C,https://github.com/OpenPecha/PB861324C/archive/refs/heads/botok.zip,0.12
PED2A9CDD,https://github.com/OpenPecha/PED2A9CDD/archive/refs/heads/botok.zip,0.07
P90DFF650,https://github.com/OpenPecha/P90DFF650/archive/refs/heads/botok.zip,0.08
PA8F28910,https://github.com/OpenPecha/PA8F28910/archive/refs/heads/botok.zip,0.06
P576514F1,https://github.com/OpenPecha/P576514F1/archive/refs/heads/botok.zip,0.12
P463B2E2E,https://github.com/OpenPecha/P463B2E2E/archive/refs/heads/botok.zip,0.09
PA12E143F,https://github.com/OpenPecha/PA12E143F/archive/refs/heads/botok.zip,0.06
PEB0E7EB8,https://github.com/OpenPecha/PEB0E7EB8/archive/refs/heads/botok.zip,0.1
P36711981,https://github.com/OpenPecha/P36711981/archive/refs/heads/botok.zip,0.08
PFAFE4F12,https://github.com/OpenPecha/PFAFE4F12/archive/refs/heads/botok.zip,0.11
P533EADA6,https://github.com/OpenPecha/P533EADA6/archive/refs/heads/botok.zip,0.18
PE8A9CB76,https://github.com/OpenPecha/PE8A9CB76/archive/refs/heads/botok.zip,0.15
P75A75253,https://github.com/OpenPecha/P75A75253/archive/refs/heads/botok.zip,0.11
PB8BBD1E5,https://github.com/OpenPecha/PB8BBD1E5/archive/refs/heads/botok.zip,0.1
P3F6AD06F,https://github.com/OpenPecha/P3F6AD06F/archive/refs/heads/botok.zip,0.11
P026DA160,https://github.com/OpenPecha/P026DA160/archive/refs/heads/botok.zip,0.12
P8977BC98,https://github.com/OpenPecha/P8977BC98/archive/refs/heads/botok.zip,0.1
P79EF9BFF,https://github.com/OpenPecha/P79EF9BFF/archive/refs/heads/botok.zip,0.14
P066E9E48,https://github.com/OpenPecha/P066E9E48/archive/refs/heads/botok.zip,0.13
P56C34DC4,https://github.com/OpenPecha/P56C34DC4/archive/refs/heads/botok.zip,0.16
P390F3F12,https://github.com/OpenPecha/P390F3F12/archive/refs/heads/botok.zip,0.11
PB64AB180,https://github.com/OpenPecha/PB64AB180/archive/refs/heads/botok.zip,0.09
P8A3D51D3,https://github.com/OpenPecha/P8A3D51D3/archive/refs/heads/botok.zip,0.09
P59BEF976,https://github.com/OpenPecha/P59BEF976/archive/refs/heads/botok.zip,0.09
P8882F8F8,https://github.com/OpenPecha/P8882F8F8/archive/refs/heads/botok.zip,0.09
PFF2B4F06,https://github.com/OpenPecha/PFF2B4F06/archive/refs/heads/botok.zip,0.1
P852E772D,https://github.com/OpenPecha/P852E772D/archive/refs/heads/botok.zip,0.08
P992A2A44,https://github.com/OpenPecha/P992A2A44/archive/refs/heads/botok.zip,0.1
P4516A5A5,https://github.com/OpenPecha/P4516A5A5/archive/refs/heads/botok.zip,0.08
PA2CB44EA,https://github.com/OpenPecha/PA2CB44EA/archive/refs/heads/botok.zip,0.08
PA9EDEAE8,https://github.com/OpenPecha/PA9EDEAE8/archive/refs/heads/botok.zip,0.11
PF7245581,https://github.com/OpenPecha/PF7245581/archive/refs/heads/botok.zip,0.1
P25C7ACCE,https://github.com/OpenPecha/P25C7ACCE/archive/refs/heads/botok.zip,0.06
P07C4E480,https://github.com/OpenPecha/P07C4E480/archive/refs/heads/botok.zip,0.17
P4ADC60FD,https://github.com/OpenPecha/P4ADC60FD/archive/refs/heads/botok.zip,0.09
PDEA66D61,https://github.com/OpenPecha/PDEA66D61/archive/refs/heads/botok.zip,0.12
PDE987A37,https://github.com/OpenPecha/PDE987A37/archive/refs/heads/botok.zip,0.09
PBBB8A87E,https://github.com/OpenPecha/PBBB8A87E/archive/refs/heads/botok.zip,0.09
PC0DA84C1,https://github.com/OpenPecha/PC0DA84C1/archive/refs/heads/botok.zip,0.1
P26483C80,https://github.com/OpenPecha/P26483C80/archive/refs/heads/botok.zip,0.12
P4023B249,https://github.com/OpenPecha/P4023B249/archive/refs/heads/botok.zip,0.1
P5BCBFD88,https://github.com/OpenPecha/P5BCBFD88/archive/refs/heads/botok.zip,0.07
P4D642F61,https://github.com/OpenPecha/P4D642F61/archive/refs/heads/botok.zip,0.1
P3AC44571,https://github.com/OpenPecha/P3AC44571/archive/refs/heads/botok.zip,0.1
PB75B5BBB,https://github.com/OpenPecha/PB75B5BBB/archive/refs/heads/botok.zip,0.09
PD4818E6E,https://github.com/OpenPecha/PD4818E6E/archive/refs/heads/botok.zip,0.09
P819A85A8,https://github.com/OpenPecha/P819A85A8/archive/refs/heads/botok.zip,0.11
P9430E2CF,https://github.com/OpenPecha/P9430E2CF/archive/refs/heads/botok.zip,0.13
P41DB05E4,https://github.com/OpenPecha/P41DB05E4/archive/refs/heads/botok.zip,0.1
PDA8AEDDA,https://github.com/OpenPecha/PDA8AEDDA/archive/refs/heads/botok.zip,0.11
PFDAF43F9,https://github.com/OpenPecha/PFDAF43F9/archive/refs/heads/botok.zip,0.13
PE2BC9B8A,https://github.com/OpenPecha/PE2BC9B8A/archive/refs/heads/botok.zip,0.13
P6A03C3C1,https://github.com/OpenPecha/P6A03C3C1/archive/refs/heads/botok.zip,0.14
P774E9632,https://github.com/OpenPecha/P774E9632/archive/refs/heads/botok.zip,0.1
PD99D60D6,https://github.com/OpenPecha/PD99D60D6/archive/refs/heads/botok.zip,0.08
P78AFB69A,https://github.com/OpenPecha/P78AFB69A/archive/refs/heads/botok.zip,0.09
P48D8FC55,https://github.com/OpenPecha/P48D8FC55/archive/refs/heads/botok.zip,0.19
P6383AF4E,https://github.com/OpenPecha/P6383AF4E/archive/refs/heads/botok.zip,0.11
PA24CCDA9,https://github.com/OpenPecha/PA24CCDA9/archive/refs/heads/botok.zip,0.1
PAAE846E2,https://github.com/OpenPecha/PAAE846E2/archive/refs/heads/botok.zip,0.21
P8BFBC77D,https://github.com/OpenPecha/P8BFBC77D/archive/refs/heads/botok.zip,0.09
P4438E454,https://github.com/OpenPecha/P4438E454/archive/refs/heads/botok.zip,0.1
PE3B664B2,https://github.com/OpenPecha/PE3B664B2/archive/refs/heads/botok.zip,0.1
PAEE8A554,https://github.com/OpenPecha/PAEE8A554/archive/refs/heads/botok.zip,0.1
P88397B98,https://github.com/OpenPecha/P88397B98/archive/refs/heads/botok.zip,0.1
P00A4DF64,https://github.com/OpenPecha/P00A4DF64/archive/refs/heads/botok.zip,0.08
PD59EAE74,https://github.com/OpenPecha/PD59EAE74/archive/refs/heads/botok.zip,0.08
P87989A85,https://github.com/OpenPecha/P87989A85/archive/refs/heads/botok.zip,0.11
PB0874122,https://github.com/OpenPecha/PB0874122/archive/refs/heads/botok.zip,0.19
P95988EC9,https://github.com/OpenPecha/P95988EC9/archive/refs/heads/botok.zip,0.09
PD644A1CA,https://github.com/OpenPecha/PD644A1CA/archive/refs/heads/botok.zip,0.12
P98416610,https://github.com/OpenPecha/P98416610/archive/refs/heads/botok.zip,0.09
P469A97F6,https://github.com/OpenPecha/P469A97F6/archive/refs/heads/botok.zip,0.08
PA804DA12,https://github.com/OpenPecha/PA804DA12/archive/refs/heads/botok.zip,0.06
PF866B0EE,https://github.com/OpenPecha/PF866B0EE/archive/refs/heads/botok.zip,0.09
P8E4D05A5,https://github.com/OpenPecha/P8E4D05A5/archive/refs/heads/botok.zip,0.1
P37B07BA3,https://github.com/OpenPecha/P37B07BA3/archive/refs/heads/botok.zip,0.12
PE1A6A6D9,https://github.com/OpenPecha/PE1A6A6D9/archive/refs/heads/botok.zip,0.11
P44CD1B12,https://github.com/OpenPecha/P44CD1B12/archive/refs/heads/botok.zip,0.16
P287BB442,https://github.com/OpenPecha/P287BB442/archive/refs/heads/botok.zip,0.2
P4A0343BD,https://github.com/OpenPecha/P4A0343BD/archive/refs/heads/botok.zip,0.13
PCF7625F5,https://github.com/OpenPecha/PCF7625F5/archive/refs/heads/botok.zip,0.26
P617332FF,https://github.com/OpenPecha/P617332FF/archive/refs/heads/botok.zip,0.2
PE70CAE8F,https://github.com/OpenPecha/PE70CAE8F/archive/refs/heads/botok.zip,0.1
P7BCB848C,https://github.com/OpenPecha/P7BCB848C/archive/refs/heads/botok.zip,0.28
PE98E4990,https://github.com/OpenPecha/PE98E4990/archive/refs/heads/botok.zip,0.07
PB82BC254,https://github.com/OpenPecha/PB82BC254/archive/refs/heads/botok.zip,0.1
PACC6A79C,https://github.com/OpenPecha/PACC6A79C/archive/refs/heads/botok.zip,0.12
P000010,https://github.com/OpenPecha/P000010/archive/refs/heads/botok.zip,
P000011,https://github.com/OpenPecha/P000011/archive/refs/heads/botok.zip,
P000012,https://github.com/OpenPecha/P000012/archive/refs/heads/botok.zip,
P000013,https://github.com/OpenPecha/P000013/archive/refs/heads/botok.zip,
P000014,https://github.com/OpenPecha/P000014/archive/refs/heads/botok.zip,
P000015,https://github.com/OpenPecha/P000015/archive/refs/heads/botok.zip,
P000016,https://github.com/OpenPecha/P000016/archive/refs/heads/botok.zip,
P000017,https://github.com/OpenPecha/P000017/archive/refs/heads/botok.zip,
P000018,https://github.com/OpenPecha/P000018/archive/refs/heads/botok.zip,
P000019,https://github.com/OpenPecha/P000019/archive/refs/heads/botok.zip,
P000020,https://github.com/OpenPecha/P000020/archive/refs/heads/botok.zip,
P000021,https://github.com/OpenPecha/P000021/archive/refs/heads/botok.zip,
P000022,https://github.com/OpenPecha/P000022/archive/refs/heads/botok.zip,
P000023,https://github.com/OpenPecha/P000023/archive/refs/heads/botok.zip,
P000024,https://github.com/OpenPecha/P000024/archive/refs/heads/botok.zip,
P000025,https://github.com/OpenPecha/P000025/archive/refs/heads/botok.zip,
P000026,https://github.com/OpenPecha/P000026/archive/refs/heads/botok.zip,
P000027,https://github.com/OpenPecha/P000027/archive/refs/heads/botok.zip,
P000028,https://github.com/OpenPecha/P000028/archive/refs/heads/botok.zip,
P000029,https://github.com/OpenPecha/P000029/archive/refs/heads/botok.zip,
P000030,https://github.com/OpenPecha/P000030/archive/refs/heads/botok.zip,
P000031,https://github.com/OpenPecha/P000031/archive/refs/heads/botok.zip,
P000032,https://github.com/OpenPecha/P000032/archive/refs/heads/botok.zip,
P000033,https://github.com/OpenPecha/P000033/archive/refs/heads/botok.zip,
P000034,https://github.com/OpenPecha/P000034/archive/refs/heads/botok.zip,
P000035,https://github.com/OpenPecha/P000035/archive/refs/heads/botok.zip,
P000036,https://github.com/OpenPecha/P000036/archive/refs/heads/botok.zip,
P000037,https://github.com/OpenPecha/P000037/archive/refs/heads/botok.zip,
P000038,https://github.com/OpenPecha/P000038/archive/refs/heads/botok.zip,
P000039,https://github.com/OpenPecha/P000039/archive/refs/heads/botok.zip,
P000040,https://github.com/OpenPecha/P000040/archive/refs/heads/botok.zip,
P000042,https://github.com/OpenPecha/P000042/archive/refs/heads/botok.zip,
P000043,https://github.com/OpenPecha/P000043/archive/refs/heads/botok.zip,
P000044,https://github.com/OpenPecha/P000044/archive/refs/heads/botok.zip,
P000045,https://github.com/OpenPecha/P000045/archive/refs/heads/botok.zip,
P000046,https://github.com/OpenPecha/P000046/archive/refs/heads/botok.zip,
P000047,https://github.com/OpenPecha/P000047/archive/refs/heads/botok.zip,
P000048,https://github.com/OpenPecha/P000048/archive/refs/heads/botok.zip,
P000049,https://github.com/OpenPecha/P000049/archive/refs/heads/botok.zip,
P000050,https://github.com/OpenPecha/P000050/archive/refs/heads/botok.zip,
P000051,https://github.com/OpenPecha/P000051/archive/refs/heads/botok.zip,
P000052,https://github.com/OpenPecha/P000052/archive/refs/heads/botok.zip,
P000053,https://github.com/OpenPecha/P000053/archive/refs/heads/botok.zip,
P000054,https://github.com/OpenPecha/P000054/archive/refs/heads/botok.zip,
P000055,https://github.com/OpenPecha/P000055/archive/refs/heads/botok.zip,
P000056,https://github.com/OpenPecha/P000056/archive/refs/heads/botok.zip,
P000057,https://github.com/OpenPecha/P000057/archive/refs/heads/botok.zip,
P000058,https://github.com/OpenPecha/P000058/archive/refs/heads/botok.zip,
P000059,https://github.com/OpenPecha/P000059/archive/refs/heads/botok.zip,
P000060,https://github.com/OpenPecha/P000060/archive/refs/heads/botok.zip,
P000061,https://github.com/OpenPecha/P000061/archive/refs/heads/botok.zip,0.11
P000062,https://github.com/OpenPecha/P000062/archive/refs/heads/botok.zip,
P000063,https://github.com/OpenPecha/P000063/archive/refs/heads/botok.zip,
P000064,https://github.com/OpenPecha/P000064/archive/refs/heads/botok.zip,
P000065,https://github.com/OpenPecha/P000065/archive/refs/heads/botok.zip,
P000066,https://github.com/OpenPecha/P000066/archive/refs/heads/botok.zip,
P000067,https://github.com/OpenPecha/P000067/archive/refs/heads/botok.zip,
P000068,https://github.com/OpenPecha/P000068/archive/refs/heads/botok.zip,
P000069,https://github.com/OpenPecha/P000069/archive/refs/heads/botok.zip,
P000070,https://github.com/OpenPecha/P000070/archive/refs/heads/botok.zip,
P000071,https://github.com/OpenPecha/P000071/archive/refs/heads/botok.zip,
P000072,https://github.com/OpenPecha/P000072/archive/refs/heads/botok.zip,
P000073,https://github.com/OpenPecha/P000073/archive/refs/heads/botok.zip,
P000074,https://github.com/OpenPecha/P000074/archive/refs/heads/botok.zip,
P000075,https://github.com/OpenPecha/P000075/archive/refs/heads/botok.zip,
P000076,https://github.com/OpenPecha/P000076/archive/refs/heads/botok.zip,
P000077,https://github.com/OpenPecha/P000077/archive/refs/heads/botok.zip,
P000078,https://github.com/OpenPecha/P000078/archive/refs/heads/botok.zip,
P000079,https://github.com/OpenPecha/P000079/archive/refs/heads/botok.zip,
P000080,https://github.com/OpenPecha/P000080/archive/refs/heads/botok.zip,
P000081,https://github.com/OpenPecha/P000081/archive/refs/heads/botok.zip,
P000082,https://github.com/OpenPecha/P000082/archive/refs/heads/botok.zip,
P000083,https://github.com/OpenPecha/P000083/archive/refs/heads/botok.zip,
P000084,https://github.com/OpenPecha/P000084/archive/refs/heads/botok.zip,
P000085,https://github.com/OpenPecha/P000085/archive/refs/heads/botok.zip,
P000086,https://github.com/OpenPecha/P000086/archive/refs/heads/botok.zip,
P000087,https://github.com/OpenPecha/P000087/archive/refs/heads/botok.zip,
P000088,https://github.com/OpenPecha/P000088/archive/refs/heads/botok.zip,
P000089,https://github.com/OpenPecha/P000089/archive/refs/heads/botok.zip,
P000090,https://github.com/OpenPecha/P000090/archive/refs/heads/botok.zip,
P000091,https://github.com/OpenPecha/P000091/archive/refs/heads/botok.zip,
P000092,https://github.com/OpenPecha/P000092/archive/refs/heads/botok.zip,
P000093,https://github.com/OpenPecha/P000093/archive/refs/heads/botok.zip,
P000094,https://github.com/OpenPecha/P000094/archive/refs/heads/botok.zip,
P000095,https://github.com/OpenPecha/P000095/archive/refs/heads/botok.zip,
P000096,https://github.com/OpenPecha/P000096/archive/refs/heads/botok.zip,
P000097,https://github.com/OpenPecha/P000097/archive/refs/heads/botok.zip,
P000098,https://github.com/OpenPecha/P000098/archive/refs/heads/botok.zip,
P000099,https://github.com/OpenPecha/P000099/archive/refs/heads/botok.zip,
P000100,https://github.com/OpenPecha/P000100/archive/refs/heads/botok.zip,
P000101,https://github.com/OpenPecha/P000101/archive/refs/heads/botok.zip,
P000102,https://github.com/OpenPecha/P000102/archive/refs/heads/botok.zip,
P000103,https://github.com/OpenPecha/P000103/archive/refs/heads/botok.zip,
P000104,https://github.com/OpenPecha/P000104/archive/refs/heads/botok.zip,
P000105,https://github.com/OpenPecha/P000105/archive/refs/heads/botok.zip,
P000106,https://github.com/OpenPecha/P000106/archive/refs/heads/botok.zip,
P000107,https://github.com/OpenPecha/P000107/archive/refs/heads/botok.zip,
P000108,https://github.com/OpenPecha/P000108/archive/refs/heads/botok.zip,
P000109,https://github.com/OpenPecha/P000109/archive/refs/heads/botok.zip,
P000110,https://github.com/OpenPecha/P000110/archive/refs/heads/botok.zip,0.09
P000111,https://github.com/OpenPecha/P000111/archive/refs/heads/botok.zip,
P000112,https://github.com/OpenPecha/P000112/archive/refs/heads/botok.zip,
P000113,https://github.com/OpenPecha/P000113/archive/refs/heads/botok.zip,
P000114,https://github.com/OpenPecha/P000114/archive/refs/heads/botok.zip,
P000115,https://github.com/OpenPecha/P000115/archive/refs/heads/botok.zip,
P000116,https://github.com/OpenPecha/P000116/archive/refs/heads/botok.zip,
P000117,https://github.com/OpenPecha/P000117/archive/refs/heads/botok.zip,
P000118,https://github.com/OpenPecha/P000118/archive/refs/heads/botok.zip,
P000119,https://github.com/OpenPecha/P000119/archive/refs/heads/botok.zip,
P000120,https://github.com/OpenPecha/P000120/archive/refs/heads/botok.zip,
P000121,https://github.com/OpenPecha/P000121/archive/refs/heads/botok.zip,
P000122,https://github.com/OpenPecha/P000122/archive/refs/heads/botok.zip,
P000123,https://github.com/OpenPecha/P000123/archive/refs/heads/botok.zip,
P000124,https://github.com/OpenPecha/P000124/archive/refs/heads/botok.zip,
P000125,https://github.com/OpenPecha/P000125/archive/refs/heads/botok.zip,
P000126,https://github.com/OpenPecha/P000126/archive/refs/heads/botok.zip,
P000127,https://github.com/OpenPecha/P000127/archive/refs/heads/botok.zip,
P000128,https://github.com/OpenPecha/P000128/archive/refs/heads/botok.zip,
P000129,https://github.com/OpenPecha/P000129/archive/refs/heads/botok.zip,
P000130,https://github.com/OpenPecha/P000130/archive/refs/heads/botok.zip,
P000131,https://github.com/OpenPecha/P000131/archive/refs/heads/botok.zip,
P000132,https://github.com/OpenPecha/P000132/archive/refs/heads/botok.zip,
P000133,https://github.com/OpenPecha/P000133/archive/refs/heads/botok.zip,
P000134,https://github.com/OpenPecha/P000134/archive/refs/heads/botok.zip,
P000135,https://github.com/OpenPecha/P000135/archive/refs/heads/botok.zip,
P000136,https://github.com/OpenPecha/P000136/archive/refs/heads/botok.zip,
P000137,https://github.com/OpenPecha/P000137/archive/refs/heads/botok.zip,
P000138,https://github.com/OpenPecha/P000138/archive/refs/heads/botok.zip,
P000139,https://github.com/OpenPecha/P000139/archive/refs/heads/botok.zip,
P000140,https://github.com/OpenPecha/P000140/archive/refs/heads/botok.zip,
P000141,https://github.com/OpenPecha/P000141/archive/refs/heads/botok.zip,
P000142,https://github.com/OpenPecha/P000142/archive/refs/heads/botok.zip,
P000143,https://github.com/OpenPecha/P000143/archive/refs/heads/botok.zip,
P000144,https://github.com/OpenPecha/P000144/archive/refs/heads/botok.zip,
P000145,https://github.com/OpenPecha/P000145/archive/refs/heads/botok.zip,
P000146,https://github.com/OpenPecha/P000146/archive/refs/heads/botok.zip,
P000147,https://github.com/OpenPecha/P000147/archive/refs/heads/botok.zip,
P000148,https://github.com/OpenPecha/P000148/archive/refs/heads/botok.zip,
P000149,https://github.com/OpenPecha/P000149/archive/refs/heads/botok.zip,
P000150,https://github.com/OpenPecha/P000150/archive/refs/heads/botok.zip,
P000151,https://github.com/OpenPecha/P000151/archive/refs/heads/botok.zip,
P000152,https://github.com/OpenPecha/P000152/archive/refs/heads/botok.zip,
P000153,https://github.com/OpenPecha/P000153/archive/refs/heads/botok.zip,
P000154,https://github.com/OpenPecha/P000154/archive/refs/heads/botok.zip,
P000155,https://github.com/OpenPecha/P000155/archive/refs/heads/botok.zip,
P000156,https://github.com/OpenPecha/P000156/archive/refs/heads/botok.zip,
P000157,https://github.com/OpenPecha/P000157/archive/refs/heads/botok.zip,
P000158,https://github.com/OpenPecha/P000158/archive/refs/heads/botok.zip,
P000159,https://github.com/OpenPecha/P000159/archive/refs/heads/botok.zip,
P000160,https://github.com/OpenPecha/P000160/archive/refs/heads/botok.zip,
P000161,https://github.com/OpenPecha/P000161/archive/refs/heads/botok.zip,
P000162,https://github.com/OpenPecha/P000162/archive/refs/heads/botok.zip,
P000163,https://github.com/OpenPecha/P000163/archive/refs/heads/botok.zip,
P000164,https://github.com/OpenPecha/P000164/archive/refs/heads/botok.zip,
P000165,https://github.com/OpenPecha/P000165/archive/refs/heads/botok.zip,
P000166,https://github.com/OpenPecha/P000166/archive/refs/heads/botok.zip,
P000167,https://github.com/OpenPecha/P000167/archive/refs/heads/botok.zip,
P000168,https://github.com/OpenPecha/P000168/archive/refs/heads/botok.zip,
P000169,https://github.com/OpenPecha/P000169/archive/refs/heads/botok.zip,
P000170,https://github.com/OpenPecha/P000170/archive/refs/heads/botok.zip,
P000171,https://github.com/OpenPecha/P000171/archive/refs/heads/botok.zip,
P000172,https://github.com/OpenPecha/P000172/archive/refs/heads/botok.zip,
P000173,https://github.com/OpenPecha/P000173/archive/refs/heads/botok.zip,
P000174,https://github.com/OpenPecha/P000174/archive/refs/heads/botok.zip,
P000175,https://github.com/OpenPecha/P000175/archive/refs/heads/botok.zip,
P000176,https://github.com/OpenPecha/P000176/archive/refs/heads/botok.zip,
P000177,https://github.com/OpenPecha/P000177/archive/refs/heads/botok.zip,
P000178,https://github.com/OpenPecha/P000178/archive/refs/heads/botok.zip,
P000179,https://github.com/OpenPecha/P000179/archive/refs/heads/botok.zip,
P000180,https://github.com/OpenPecha/P000180/archive/refs/heads/botok.zip,
P000182,https://github.com/OpenPecha/P000182/archive/refs/heads/botok.zip,
P000183,https://github.com/OpenPecha/P000183/archive/refs/heads/botok.zip,
P000184,https://github.com/OpenPecha/P000184/archive/refs/heads/botok.zip,
P000185,https://github.com/OpenPecha/P000185/archive/refs/heads/botok.zip,
P000186,https://github.com/OpenPecha/P000186/archive/refs/heads/botok.zip,
P000187,https://github.com/OpenPecha/P000187/archive/refs/heads/botok.zip,
P000188,https://github.com/OpenPecha/P000188/archive/refs/heads/botok.zip,
P000189,https://github.com/OpenPecha/P000189/archive/refs/heads/botok.zip,
P000190,https://github.com/OpenPecha/P000190/archive/refs/heads/botok.zip,
P000191,https://github.com/OpenPecha/P000191/archive/refs/heads/botok.zip,
P000192,https://github.com/OpenPecha/P000192/archive/refs/heads/botok.zip,
P000193,https://github.com/OpenPecha/P000193/archive/refs/heads/botok.zip,
P000194,https://github.com/OpenPecha/P000194/archive/refs/heads/botok.zip,
P000195,https://github.com/OpenPecha/P000195/archive/refs/heads/botok.zip,
P000196,https://github.com/OpenPecha/P000196/archive/refs/heads/botok.zip,
P000197,https://github.com/OpenPecha/P000197/archive/refs/heads/botok.zip,
P000198,https://github.com/OpenPecha/P000198/archive/refs/heads/botok.zip,
P000199,https://github.com/OpenPecha/P000199/archive/refs/heads/botok.zip,
P000200,https://github.com/OpenPecha/P000200/archive/refs/heads/botok.zip,
P000201,https://github.com/OpenPecha/P000201/archive/refs/heads/botok.zip,
P000202,https://github.com/OpenPecha/P000202/archive/refs/heads/botok.zip,
P000203,https://github.com/OpenPecha/P000203/archive/refs/heads/botok.zip,
P000204,https://github.com/OpenPecha/P000204/archive/refs/heads/botok.zip,
P000205,https://github.com/OpenPecha/P000205/archive/refs/heads/botok.zip,
P000206,https://github.com/OpenPecha/P000206/archive/refs/heads/botok.zip,
P000207,https://github.com/OpenPecha/P000207/archive/refs/heads/botok.zip,
P000208,https://github.com/OpenPecha/P000208/archive/refs/heads/botok.zip,
P000209,https://github.com/OpenPecha/P000209/archive/refs/heads/botok.zip,
P000210,https://github.com/OpenPecha/P000210/archive/refs/heads/botok.zip,
P000211,https://github.com/OpenPecha/P000211/archive/refs/heads/botok.zip,
P000212,https://github.com/OpenPecha/P000212/archive/refs/heads/botok.zip,
P000213,https://github.com/OpenPecha/P000213/archive/refs/heads/botok.zip,
P000214,https://github.com/OpenPecha/P000214/archive/refs/heads/botok.zip,
P000215,https://github.com/OpenPecha/P000215/archive/refs/heads/botok.zip,
P000216,https://github.com/OpenPecha/P000216/archive/refs/heads/botok.zip,
P000217,https://github.com/OpenPecha/P000217/archive/refs/heads/botok.zip,
P000218,https://github.com/OpenPecha/P000218/archive/refs/heads/botok.zip,
P000219,https://github.com/OpenPecha/P000219/archive/refs/heads/botok.zip,
P000220,https://github.com/OpenPecha/P000220/archive/refs/heads/botok.zip,
P000221,https://github.com/OpenPecha/P000221/archive/refs/heads/botok.zip,
P000222,https://github.com/OpenPecha/P000222/archive/refs/heads/botok.zip,
P000223,https://github.com/OpenPecha/P000223/archive/refs/heads/botok.zip,
P000224,https://github.com/OpenPecha/P000224/archive/refs/heads/botok.zip,
P000225,https://github.com/OpenPecha/P000225/archive/refs/heads/botok.zip,
P000226,https://github.com/OpenPecha/P000226/archive/refs/heads/botok.zip,
P000227,https://github.com/OpenPecha/P000227/archive/refs/heads/botok.zip,
P000228,https://github.com/OpenPecha/P000228/archive/refs/heads/botok.zip,
P000229,https://github.com/OpenPecha/P000229/archive/refs/heads/botok.zip,
P000230,https://github.com/OpenPecha/P000230/archive/refs/heads/botok.zip,
P000231,https://github.com/OpenPecha/P000231/archive/refs/heads/botok.zip,
P000232,https://github.com/OpenPecha/P000232/archive/refs/heads/botok.zip,
P000233,https://github.com/OpenPecha/P000233/archive/refs/heads/botok.zip,
P000234,https://github.com/OpenPecha/P000234/archive/refs/heads/botok.zip,
P000235,https://github.com/OpenPecha/P000235/archive/refs/heads/botok.zip,
P000236,https://github.com/OpenPecha/P000236/archive/refs/heads/botok.zip,
P000237,https://github.com/OpenPecha/P000237/archive/refs/heads/botok.zip,
P000238,https://github.com/OpenPecha/P000238/archive/refs/heads/botok.zip,
P000239,https://github.com/OpenPecha/P000239/archive/refs/heads/botok.zip,
P000240,https://github.com/OpenPecha/P000240/archive/refs/heads/botok.zip,
P000241,https://github.com/OpenPecha/P000241/archive/refs/heads/botok.zip,
P000242,https://github.com/OpenPecha/P000242/archive/refs/heads/botok.zip,
P000243,https://github.com/OpenPecha/P000243/archive/refs/heads/botok.zip,
P000244,https://github.com/OpenPecha/P000244/archive/refs/heads/botok.zip,
P000245,https://github.com/OpenPecha/P000245/archive/refs/heads/botok.zip,
P000246,https://github.com/OpenPecha/P000246/archive/refs/heads/botok.zip,
P000247,https://github.com/OpenPecha/P000247/archive/refs/heads/botok.zip,
P000248,https://github.com/OpenPecha/P000248/archive/refs/heads/botok.zip,
P000249,https://github.com/OpenPecha/P000249/archive/refs/heads/botok.zip,
P000250,https://github.com/OpenPecha/P000250/archive/refs/heads/botok.zip,
P000251,https://github.com/OpenPecha/P000251/archive/refs/heads/botok.zip,
P000252,https://github.com/OpenPecha/P000252/archive/refs/heads/botok.zip,
P000253,https://github.com/OpenPecha/P000253/archive/refs/heads/botok.zip,
P000254,https://github.com/OpenPecha/P000254/archive/refs/heads/botok.zip,
P000255,https://github.com/OpenPecha/P000255/archive/refs/heads/botok.zip,
P000256,https://github.com/OpenPecha/P000256/archive/refs/heads/botok.zip,
P000257,https://github.com/OpenPecha/P000257/archive/refs/heads/botok.zip,
P000258,https://github.com/OpenPecha/P000258/archive/refs/heads/botok.zip,
P000259,https://github.com/OpenPecha/P000259/archive/refs/heads/botok.zip,
P000260,https://github.com/OpenPecha/P000260/archive/refs/heads/botok.zip,
P000261,https://github.com/OpenPecha/P000261/archive/refs/heads/botok.zip,
P000262,https://github.com/OpenPecha/P000262/archive/refs/heads/botok.zip,
P000263,https://github.com/OpenPecha/P000263/archive/refs/heads/botok.zip,
P000264,https://github.com/OpenPecha/P000264/archive/refs/heads/botok.zip,
P000265,https://github.com/OpenPecha/P000265/archive/refs/heads/botok.zip,
P000266,https://github.com/OpenPecha/P000266/archive/refs/heads/botok.zip,
P000267,https://github.com/OpenPecha/P000267/archive/refs/heads/botok.zip,
P000268,https://github.com/OpenPecha/P000268/archive/refs/heads/botok.zip,
P000269,https://github.com/OpenPecha/P000269/archive/refs/heads/botok.zip,
P000270,https://github.com/OpenPecha/P000270/archive/refs/heads/botok.zip,
P000271,https://github.com/OpenPecha/P000271/archive/refs/heads/botok.zip,
P000272,https://github.com/OpenPecha/P000272/archive/refs/heads/botok.zip,
P000273,https://github.com/OpenPecha/P000273/archive/refs/heads/botok.zip,
P000274,https://github.com/OpenPecha/P000274/archive/refs/heads/botok.zip,
P000275,https://github.com/OpenPecha/P000275/archive/refs/heads/botok.zip,
P000276,https://github.com/OpenPecha/P000276/archive/refs/heads/botok.zip,
P01F21F5A,https://github.com/OpenPecha/P01F21F5A/archive/refs/heads/botok.zip,0.18
P026D4391,https://github.com/OpenPecha/P026D4391/archive/refs/heads/botok.zip,
P0323AB73,https://github.com/OpenPecha/P0323AB73/archive/refs/heads/botok.zip,
P0471A136,https://github.com/OpenPecha/P0471A136/archive/refs/heads/botok.zip,0.12
P05B7DBEB,https://github.com/OpenPecha/P05B7DBEB/archive/refs/heads/botok.zip,0.1
P0697AF99,https://github.com/OpenPecha/P0697AF99/archive/refs/heads/botok.zip,0.1
P06BF0616,https://github.com/OpenPecha/P06BF0616/archive/refs/heads/botok.zip,0.11
P0788F8B8,https://github.com/OpenPecha/P0788F8B8/archive/refs/heads/botok.zip,0.15
P08383808,https://github.com/OpenPecha/P08383808/archive/refs/heads/botok.zip,0.12
P095F7B39,https://github.com/OpenPecha/P095F7B39/archive/refs/heads/botok.zip,0.12
P09825559,https://github.com/OpenPecha/P09825559/archive/refs/heads/botok.zip,0.1
P09C94EFC,https://github.com/OpenPecha/P09C94EFC/archive/refs/heads/botok.zip,
P09CC419D,https://github.com/OpenPecha/P09CC419D/archive/refs/heads/botok.zip,0.13
P0A443473,https://github.com/OpenPecha/P0A443473/archive/refs/heads/botok.zip,0.1
P0AC134F0,https://github.com/OpenPecha/P0AC134F0/archive/refs/heads/botok.zip,
P0AEFD209,https://github.com/OpenPecha/P0AEFD209/archive/refs/heads/botok.zip,
P0B226B66,https://github.com/OpenPecha/P0B226B66/archive/refs/heads/botok.zip,0.11
P0C6AA54D,https://github.com/OpenPecha/P0C6AA54D/archive/refs/heads/botok.zip,0.11
P0DAA54A8,https://github.com/OpenPecha/P0DAA54A8/archive/refs/heads/botok.zip,0.26
P0E1010CD,https://github.com/OpenPecha/P0E1010CD/archive/refs/heads/botok.zip,0.12
P0E807A82,https://github.com/OpenPecha/P0E807A82/archive/refs/heads/botok.zip,
P0E88BAED,https://github.com/OpenPecha/P0E88BAED/archive/refs/heads/botok.zip,0.11
P0EBE0965,https://github.com/OpenPecha/P0EBE0965/archive/refs/heads/botok.zip,0.1
P0F30A079,https://github.com/OpenPecha/P0F30A079/archive/refs/heads/botok.zip,0.12
P1091119C,https://github.com/OpenPecha/P1091119C/archive/refs/heads/botok.zip,
P10B76D16,https://github.com/OpenPecha/P10B76D16/archive/refs/heads/botok.zip,
P110BD211,https://github.com/OpenPecha/P110BD211/archive/refs/heads/botok.zip,0.15
P113161E2,https://github.com/OpenPecha/P113161E2/archive/refs/heads/botok.zip,0.1
P113F7BC8,https://github.com/OpenPecha/P113F7BC8/archive/refs/heads/botok.zip,0.12
P11D8E214,https://github.com/OpenPecha/P11D8E214/archive/refs/heads/botok.zip,
P144985F2,https://github.com/OpenPecha/P144985F2/archive/refs/heads/botok.zip,
P14720CB9,https://github.com/OpenPecha/P14720CB9/archive/refs/heads/botok.zip,
P155F5649,https://github.com/OpenPecha/P155F5649/archive/refs/heads/botok.zip,
P16118F66,https://github.com/OpenPecha/P16118F66/archive/refs/heads/botok.zip,
P16C85D68,https://github.com/OpenPecha/P16C85D68/archive/refs/heads/botok.zip,
P17CC7922,https://github.com/OpenPecha/P17CC7922/archive/refs/heads/botok.zip,
P1864259A,https://github.com/OpenPecha/P1864259A/archive/refs/heads/botok.zip,
P188A585C,https://github.com/OpenPecha/P188A585C/archive/refs/heads/botok.zip,0.11
P198795E5,https://github.com/OpenPecha/P198795E5/archive/refs/heads/botok.zip,0.15
P19E24C98,https://github.com/OpenPecha/P19E24C98/archive/refs/heads/botok.zip,
P1A2DE57C,https://github.com/OpenPecha/P1A2DE57C/archive/refs/heads/botok.zip,
P1A43637D,https://github.com/OpenPecha/P1A43637D/archive/refs/heads/botok.zip,0.12
P1AF6985A,https://github.com/OpenPecha/P1AF6985A/archive/refs/heads/botok.zip,
P1C88EEF8,https://github.com/OpenPecha/P1C88EEF8/archive/refs/heads/botok.zip,
P1C9C94AB,https://github.com/OpenPecha/P1C9C94AB/archive/refs/heads/botok.zip,0.12
P1D9555BD,https://github.com/OpenPecha/P1D9555BD/archive/refs/heads/botok.zip,0.21
P2067CEA6,https://github.com/OpenPecha/P2067CEA6/archive/refs/heads/botok.zip,
P20701362,https://github.com/OpenPecha/P20701362/archive/refs/heads/botok.zip,0.1
P20BBBE6B,https://github.com/OpenPecha/P20BBBE6B/archive/refs/heads/botok.zip,0.12
P211036E0,https://github.com/OpenPecha/P211036E0/archive/refs/heads/botok.zip,0.11
P21925A26,https://github.com/OpenPecha/P21925A26/archive/refs/heads/botok.zip,
P2239AE39,https://github.com/OpenPecha/P2239AE39/archive/refs/heads/botok.zip,0.18
P22666E63,https://github.com/OpenPecha/P22666E63/archive/refs/heads/botok.zip,0.15
P22D6DD31,https://github.com/OpenPecha/P22D6DD31/archive/refs/heads/botok.zip,
P24075444,https://github.com/OpenPecha/P24075444/archive/refs/heads/botok.zip,0.13
P2491BBDB,https://github.com/OpenPecha/P2491BBDB/archive/refs/heads/botok.zip,0.12
P2527D757,https://github.com/OpenPecha/P2527D757/archive/refs/heads/botok.zip,0.14
P254DAAC1,https://github.com/OpenPecha/P254DAAC1/archive/refs/heads/botok.zip,0.23
P26D4E88A,https://github.com/OpenPecha/P26D4E88A/archive/refs/heads/botok.zip,0.14
P26EDC783,https://github.com/OpenPecha/P26EDC783/archive/refs/heads/botok.zip,
P27AB7411,https://github.com/OpenPecha/P27AB7411/archive/refs/heads/botok.zip,0.15
P282804D9,https://github.com/OpenPecha/P282804D9/archive/refs/heads/botok.zip,0.2
P283BC233,https://github.com/OpenPecha/P283BC233/archive/refs/heads/botok.zip,
P287F972E,https://github.com/OpenPecha/P287F972E/archive/refs/heads/botok.zip,0.17
P29496699,https://github.com/OpenPecha/P29496699/archive/refs/heads/botok.zip,0.13
P294BAA75,https://github.com/OpenPecha/P294BAA75/archive/refs/heads/botok.zip,0.12
P29636E09,https://github.com/OpenPecha/P29636E09/archive/refs/heads/botok.zip,0.15
P29D39AC1,https://github.com/OpenPecha/P29D39AC1/archive/refs/heads/botok.zip,0.11
P29EA4909,https://github.com/OpenPecha/P29EA4909/archive/refs/heads/botok.zip,
P2C2E1541,https://github.com/OpenPecha/P2C2E1541/archive/refs/heads/botok.zip,0.17
P2C9BB63E,https://github.com/OpenPecha/P2C9BB63E/archive/refs/heads/botok.zip,0.11
P2CE84FFA,https://github.com/OpenPecha/P2CE84FFA/archive/refs/heads/botok.zip,0.19
P2CECD45D,https://github.com/OpenPecha/P2CECD45D/archive/refs/heads/botok.zip,
P2D33D7FB,https://github.com/OpenPecha/P2D33D7FB/archive/refs/heads/botok.zip,0.1
P2ED1D856,https://github.com/OpenPecha/P2ED1D856/archive/refs/heads/botok.zip,0.16
P2F90DF28,https://github.com/OpenPecha/P2F90DF28/archive/refs/heads/botok.zip,0.13
P2FFAE40A,https://github.com/OpenPecha/P2FFAE40A/archive/refs/heads/botok.zip,
P30202CAE,https://github.com/OpenPecha/P30202CAE/archive/refs/heads/botok.zip,
P30DB05F5,https://github.com/OpenPecha/P30DB05F5/archive/refs/heads/botok.zip,
P31D764AE,https://github.com/OpenPecha/P31D764AE/archive/refs/heads/botok.zip,
P3278EEC7,https://github.com/OpenPecha/P3278EEC7/archive/refs/heads/botok.zip,
P334F43A6,https://github.com/OpenPecha/P334F43A6/archive/refs/heads/botok.zip,0.13
P337793B3,https://github.com/OpenPecha/P337793B3/archive/refs/heads/botok.zip,0.18
P337BB393,https://github.com/OpenPecha/P337BB393/archive/refs/heads/botok.zip,0.11
P338E7914,https://github.com/OpenPecha/P338E7914/archive/refs/heads/botok.zip,
P33961491,https://github.com/OpenPecha/P33961491/archive/refs/heads/botok.zip,
P33CEF55B,https://github.com/OpenPecha/P33CEF55B/archive/refs/heads/botok.zip,0.15
P33F4F171,https://github.com/OpenPecha/P33F4F171/archive/refs/heads/botok.zip,
P348CCA3B,https://github.com/OpenPecha/P348CCA3B/archive/refs/heads/botok.zip,0.17
P34B44838,https://github.com/OpenPecha/P34B44838/archive/refs/heads/botok.zip,
P36096647,https://github.com/OpenPecha/P36096647/archive/refs/heads/botok.zip,
P36962C88,https://github.com/OpenPecha/P36962C88/archive/refs/heads/botok.zip,0.15
P36FB8EC6,https://github.com/OpenPecha/P36FB8EC6/archive/refs/heads/botok.zip,
P381A84C8,https://github.com/OpenPecha/P381A84C8/archive/refs/heads/botok.zip,0.14
P3826ED92,https://github.com/OpenPecha/P3826ED92/archive/refs/heads/botok.zip,0.1
P3833DD30,https://github.com/OpenPecha/P3833DD30/archive/refs/heads/botok.zip,0.12
P38E39994,https://github.com/OpenPecha/P38E39994/archive/refs/heads/botok.zip,0.09
P3AA51EB3,https://github.com/OpenPecha/P3AA51EB3/archive/refs/heads/botok.zip,0.17
P3AEA1119,https://github.com/OpenPecha/P3AEA1119/archive/refs/heads/botok.zip,
P3B07800F,https://github.com/OpenPecha/P3B07800F/archive/refs/heads/botok.zip,0.15
P3BBF3EBB,https://github.com/OpenPecha/P3BBF3EBB/archive/refs/heads/botok.zip,0.17
P3D55AB66,https://github.com/OpenPecha/P3D55AB66/archive/refs/heads/botok.zip,
P3F8E116E,https://github.com/OpenPecha/P3F8E116E/archive/refs/heads/botok.zip,0.13
P3F927747,https://github.com/OpenPecha/P3F927747/archive/refs/heads/botok.zip,0.13
P3FAE1A3D,https://github.com/OpenPecha/P3FAE1A3D/archive/refs/heads/botok.zip,
P4086605B,https://github.com/OpenPecha/P4086605B/archive/refs/heads/botok.zip,
P40878D88,https://github.com/OpenPecha/P40878D88/archive/refs/heads/botok.zip,0.13
P408B4448,https://github.com/OpenPecha/P408B4448/archive/refs/heads/botok.zip,0.11
P40918484,https://github.com/OpenPecha/P40918484/archive/refs/heads/botok.zip,0.1
P40CF2035,https://github.com/OpenPecha/P40CF2035/archive/refs/heads/botok.zip,0.12
P411563FE,https://github.com/OpenPecha/P411563FE/archive/refs/heads/botok.zip,
P412EE9B8,https://github.com/OpenPecha/P412EE9B8/archive/refs/heads/botok.zip,
P4136A36B,https://github.com/OpenPecha/P4136A36B/archive/refs/heads/botok.zip,
P41BF55A7,https://github.com/OpenPecha/P41BF55A7/archive/refs/heads/botok.zip,0.09
P424ADC12,https://github.com/OpenPecha/P424ADC12/archive/refs/heads/botok.zip,0.13
P42927191,https://github.com/OpenPecha/P42927191/archive/refs/heads/botok.zip,
P433F86DD,https://github.com/OpenPecha/P433F86DD/archive/refs/heads/botok.zip,0.12
P43CDC54B,https://github.com/OpenPecha/P43CDC54B/archive/refs/heads/botok.zip,
P44B6FCB6,https://github.com/OpenPecha/P44B6FCB6/archive/refs/heads/botok.zip,0.15
P44C1CCD4,https://github.com/OpenPecha/P44C1CCD4/archive/refs/heads/botok.zip,0.12
P44DB1160,https://github.com/OpenPecha/P44DB1160/archive/refs/heads/botok.zip,
P45625FF8,https://github.com/OpenPecha/P45625FF8/archive/refs/heads/botok.zip,
P466F2DB5,https://github.com/OpenPecha/P466F2DB5/archive/refs/heads/botok.zip,0.12
P46BA774E,https://github.com/OpenPecha/P46BA774E/archive/refs/heads/botok.zip,
P46CDF234,https://github.com/OpenPecha/P46CDF234/archive/refs/heads/botok.zip,0.14
P46FDD25F,https://github.com/OpenPecha/P46FDD25F/archive/refs/heads/botok.zip,0.12
P4746B780,https://github.com/OpenPecha/P4746B780/archive/refs/heads/botok.zip,0.11
P48030325,https://github.com/OpenPecha/P48030325/archive/refs/heads/botok.zip,0.13
P4838E6DF,https://github.com/OpenPecha/P4838E6DF/archive/refs/heads/botok.zip,
P49444617,https://github.com/OpenPecha/P49444617/archive/refs/heads/botok.zip,
P49532218,https://github.com/OpenPecha/P49532218/archive/refs/heads/botok.zip,0.14
P49AB4705,https://github.com/OpenPecha/P49AB4705/archive/refs/heads/botok.zip,0.12
P4A4543DF,https://github.com/OpenPecha/P4A4543DF/archive/refs/heads/botok.zip,
P4A79CA96,https://github.com/OpenPecha/P4A79CA96/archive/refs/heads/botok.zip,0.13
P4AB9700A,https://github.com/OpenPecha/P4AB9700A/archive/refs/heads/botok.zip,
P4B747B14,https://github.com/OpenPecha/P4B747B14/archive/refs/heads/botok.zip,
P4BDBADE2,https://github.com/OpenPecha/P4BDBADE2/archive/refs/heads/botok.zip,0.11
P4BEAE2B4,https://github.com/OpenPecha/P4BEAE2B4/archive/refs/heads/botok.zip,
P4D14774F,https://github.com/OpenPecha/P4D14774F/archive/refs/heads/botok.zip,0.11
P4D173707,https://github.com/OpenPecha/P4D173707/archive/refs/heads/botok.zip,
P4D3279DD,https://github.com/OpenPecha/P4D3279DD/archive/refs/heads/botok.zip,0.1
P4D49B116,https://github.com/OpenPecha/P4D49B116/archive/refs/heads/botok.zip,0.13
P4D50F522,https://github.com/OpenPecha/P4D50F522/archive/refs/heads/botok.zip,
P4DD742D4,https://github.com/OpenPecha/P4DD742D4/archive/refs/heads/botok.zip,
P4EE4BFC4,https://github.com/OpenPecha/P4EE4BFC4/archive/refs/heads/botok.zip,
P4EE66991,https://github.com/OpenPecha/P4EE66991/archive/refs/heads/botok.zip,0.12
P4F544A80,https://github.com/OpenPecha/P4F544A80/archive/refs/heads/botok.zip,
P4FEBBEB1,https://github.com/OpenPecha/P4FEBBEB1/archive/refs/heads/botok.zip,
P500A6D15,https://github.com/OpenPecha/P500A6D15/archive/refs/heads/botok.zip,0.1
P500B7278,https://github.com/OpenPecha/P500B7278/archive/refs/heads/botok.zip,0.13
P51551359,https://github.com/OpenPecha/P51551359/archive/refs/heads/botok.zip,
P51877FA9,https://github.com/OpenPecha/P51877FA9/archive/refs/heads/botok.zip,
P51C425C7,https://github.com/OpenPecha/P51C425C7/archive/refs/heads/botok.zip,0.11
P52386303,https://github.com/OpenPecha/P52386303/archive/refs/heads/botok.zip,0.11
P53348338,https://github.com/OpenPecha/P53348338/archive/refs/heads/botok.zip,0.13
P53F474AA,https://github.com/OpenPecha/P53F474AA/archive/refs/heads/botok.zip,
P544359D8,https://github.com/OpenPecha/P544359D8/archive/refs/heads/botok.zip,
P5588A6DD,https://github.com/OpenPecha/P5588A6DD/archive/refs/heads/botok.zip,
P56543757,https://github.com/OpenPecha/P56543757/archive/refs/heads/botok.zip,
P566E6516,https://github.com/OpenPecha/P566E6516/archive/refs/heads/botok.zip,
P5714553A,https://github.com/OpenPecha/P5714553A/archive/refs/heads/botok.zip,
P57E1008F,https://github.com/OpenPecha/P57E1008F/archive/refs/heads/botok.zip,0.11
P585E9C48,https://github.com/OpenPecha/P585E9C48/archive/refs/heads/botok.zip,0.2
P59EB2E60,https://github.com/OpenPecha/P59EB2E60/archive/refs/heads/botok.zip,0.13
P5B67A599,https://github.com/OpenPecha/P5B67A599/archive/refs/heads/botok.zip,0.11
P5BB99BFC,https://github.com/OpenPecha/P5BB99BFC/archive/refs/heads/botok.zip,
P5EDEE959,https://github.com/OpenPecha/P5EDEE959/archive/refs/heads/botok.zip,0.16
P5FBF9264,https://github.com/OpenPecha/P5FBF9264/archive/refs/heads/botok.zip,0.14
P600CF6F0,https://github.com/OpenPecha/P600CF6F0/archive/refs/heads/botok.zip,0.1
P60A476AF,https://github.com/OpenPecha/P60A476AF/archive/refs/heads/botok.zip,0.16
P616F5649,https://github.com/OpenPecha/P616F5649/archive/refs/heads/botok.zip,
P62393212,https://github.com/OpenPecha/P62393212/archive/refs/heads/botok.zip,0.11
P63690923,https://github.com/OpenPecha/P63690923/archive/refs/heads/botok.zip,0.12
P65C7DBB1,https://github.com/OpenPecha/P65C7DBB1/archive/refs/heads/botok.zip,0.13
P65D46325,https://github.com/OpenPecha/P65D46325/archive/refs/heads/botok.zip,0.15
P66AA1AAF,https://github.com/OpenPecha/P66AA1AAF/archive/refs/heads/botok.zip,
P66BFBFB3,https://github.com/OpenPecha/P66BFBFB3/archive/refs/heads/botok.zip,
P684E8530,https://github.com/OpenPecha/P684E8530/archive/refs/heads/botok.zip,
P68C596F3,https://github.com/OpenPecha/P68C596F3/archive/refs/heads/botok.zip,0.1
P68FAC246,https://github.com/OpenPecha/P68FAC246/archive/refs/heads/botok.zip,0.1
P6924A626,https://github.com/OpenPecha/P6924A626/archive/refs/heads/botok.zip,
P6A466669,https://github.com/OpenPecha/P6A466669/archive/refs/heads/botok.zip,0.21
P6B054081,https://github.com/OpenPecha/P6B054081/archive/refs/heads/botok.zip,
P6C33E9F8,https://github.com/OpenPecha/P6C33E9F8/archive/refs/heads/botok.zip,0.06
P6D4F3D7B,https://github.com/OpenPecha/P6D4F3D7B/archive/refs/heads/botok.zip,
P6D506273,https://github.com/OpenPecha/P6D506273/archive/refs/heads/botok.zip,
P6DD7575A,https://github.com/OpenPecha/P6DD7575A/archive/refs/heads/botok.zip,0.11
P6F57709F,https://github.com/OpenPecha/P6F57709F/archive/refs/heads/botok.zip,0.08
P7033654F,https://github.com/OpenPecha/P7033654F/archive/refs/heads/botok.zip,
P7088A075,https://github.com/OpenPecha/P7088A075/archive/refs/heads/botok.zip,0.14
P70B160A2,https://github.com/OpenPecha/P70B160A2/archive/refs/heads/botok.zip,0.1
P70DD4B54,https://github.com/OpenPecha/P70DD4B54/archive/refs/heads/botok.zip,0.15
P715EB229,https://github.com/OpenPecha/P715EB229/archive/refs/heads/botok.zip,0.23
P7244FB94,https://github.com/OpenPecha/P7244FB94/archive/refs/heads/botok.zip,
P72D3507C,https://github.com/OpenPecha/P72D3507C/archive/refs/heads/botok.zip,0.17
P72EF1574,https://github.com/OpenPecha/P72EF1574/archive/refs/heads/botok.zip,0.11
P75047777,https://github.com/OpenPecha/P75047777/archive/refs/heads/botok.zip,0.13
P755ED480,https://github.com/OpenPecha/P755ED480/archive/refs/heads/botok.zip,0.12
P77923723,https://github.com/OpenPecha/P77923723/archive/refs/heads/botok.zip,
P7798C7B4,https://github.com/OpenPecha/P7798C7B4/archive/refs/heads/botok.zip,0.1
P77A20782,https://github.com/OpenPecha/P77A20782/archive/refs/heads/botok.zip,0.11
P77E7D411,https://github.com/OpenPecha/P77E7D411/archive/refs/heads/botok.zip,0.1
P7823530D,https://github.com/OpenPecha/P7823530D/archive/refs/heads/botok.zip,
P785CC1E0,https://github.com/OpenPecha/P785CC1E0/archive/refs/heads/botok.zip,0.2
P7894C918,https://github.com/OpenPecha/P7894C918/archive/refs/heads/botok.zip,
P78B96472,https://github.com/OpenPecha/P78B96472/archive/refs/heads/botok.zip,0.1
P78C27968,https://github.com/OpenPecha/P78C27968/archive/refs/heads/botok.zip,0.14
P78F45885,https://github.com/OpenPecha/P78F45885/archive/refs/heads/botok.zip,
P798A42C8,https://github.com/OpenPecha/P798A42C8/archive/refs/heads/botok.zip,0.12
P798ACACA,https://github.com/OpenPecha/P798ACACA/archive/refs/heads/botok.zip,0.17
P79FB9079,https://github.com/OpenPecha/P79FB9079/archive/refs/heads/botok.zip,
P7A77DD3B,https://github.com/OpenPecha/P7A77DD3B/archive/refs/heads/botok.zip,
P7B046254,https://github.com/OpenPecha/P7B046254/archive/refs/heads/botok.zip,0.12
P7BCA1533,https://github.com/OpenPecha/P7BCA1533/archive/refs/heads/botok.zip,
P7BEE1C7B,https://github.com/OpenPecha/P7BEE1C7B/archive/refs/heads/botok.zip,0.15
P7CB3433E,https://github.com/OpenPecha/P7CB3433E/archive/refs/heads/botok.zip,0.16
P7DE04668,https://github.com/OpenPecha/P7DE04668/archive/refs/heads/botok.zip,0.12
P7FD26C6D,https://github.com/OpenPecha/P7FD26C6D/archive/refs/heads/botok.zip,0.14
P812D0142,https://github.com/OpenPecha/P812D0142/archive/refs/heads/botok.zip,
P815C57CF,https://github.com/OpenPecha/P815C57CF/archive/refs/heads/botok.zip,0.12
P81D5D3BB,https://github.com/OpenPecha/P81D5D3BB/archive/refs/heads/botok.zip,0.17
P8272070A,https://github.com/OpenPecha/P8272070A/archive/refs/heads/botok.zip,0.1
P82FD8613,https://github.com/OpenPecha/P82FD8613/archive/refs/heads/botok.zip,0.11
P8393A728,https://github.com/OpenPecha/P8393A728/archive/refs/heads/botok.zip,
P84000EE5,https://github.com/OpenPecha/P84000EE5/archive/refs/heads/botok.zip,
P8430AE09,https://github.com/OpenPecha/P8430AE09/archive/refs/heads/botok.zip,
P84F208C8,https://github.com/OpenPecha/P84F208C8/archive/refs/heads/botok.zip,
P84F21430,https://github.com/OpenPecha/P84F21430/archive/refs/heads/botok.zip,0.1
P85B07A43,https://github.com/OpenPecha/P85B07A43/archive/refs/heads/botok.zip,0.14
P85E42A23,https://github.com/OpenPecha/P85E42A23/archive/refs/heads/botok.zip,0.12
P878B3099,https://github.com/OpenPecha/P878B3099/archive/refs/heads/botok.zip,
P87E8045D,https://github.com/OpenPecha/P87E8045D/archive/refs/heads/botok.zip,0.11
P881819EC,https://github.com/OpenPecha/P881819EC/archive/refs/heads/botok.zip,0.11
P88BB8A6D,https://github.com/OpenPecha/P88BB8A6D/archive/refs/heads/botok.zip,
P88DBDE85,https://github.com/OpenPecha/P88DBDE85/archive/refs/heads/botok.zip,0.13
P8A42786E,https://github.com/OpenPecha/P8A42786E/archive/refs/heads/botok.zip,0.12
P8A7F6B8F,https://github.com/OpenPecha/P8A7F6B8F/archive/refs/heads/botok.zip,
P8ADA4C9F,https://github.com/OpenPecha/P8ADA4C9F/archive/refs/heads/botok.zip,0.13
P8B4D67B5,https://github.com/OpenPecha/P8B4D67B5/archive/refs/heads/botok.zip,0.1
P8B8F3BDF,https://github.com/OpenPecha/P8B8F3BDF/archive/refs/heads/botok.zip,
P8BA93480,https://github.com/OpenPecha/P8BA93480/archive/refs/heads/botok.zip,0.14
P8DF96DDE,https://github.com/OpenPecha/P8DF96DDE/archive/refs/heads/botok.zip,0.18
P8E2E19D5,https://github.com/OpenPecha/P8E2E19D5/archive/refs/heads/botok.zip,
P8E30FF75,https://github.com/OpenPecha/P8E30FF75/archive/refs/heads/botok.zip,0.12
P8E4EBEFB,https://github.com/OpenPecha/P8E4EBEFB/archive/refs/heads/botok.zip,0.11
P8E9577F2,https://github.com/OpenPecha/P8E9577F2/archive/refs/heads/botok.zip,0.32
P8F3E3605,https://github.com/OpenPecha/P8F3E3605/archive/refs/heads/botok.zip,
P8F7E6716,https://github.com/OpenPecha/P8F7E6716/archive/refs/heads/botok.zip,
P8F852FC2,https://github.com/OpenPecha/P8F852FC2/archive/refs/heads/botok.zip,0.1
P8F8AE619,https://github.com/OpenPecha/P8F8AE619/archive/refs/heads/botok.zip,
P8FAF494E,https://github.com/OpenPecha/P8FAF494E/archive/refs/heads/botok.zip,0.09
P8FD61A22,https://github.com/OpenPecha/P8FD61A22/archive/refs/heads/botok.zip,0.15
P8FFF77EA,https://github.com/OpenPecha/P8FFF77EA/archive/refs/heads/botok.zip,0.18
P9042F799,https://github.com/OpenPecha/P9042F799/archive/refs/heads/botok.zip,
P92C58293,https://github.com/OpenPecha/P92C58293/archive/refs/heads/botok.zip,0.13
P93118BB6,https://github.com/OpenPecha/P93118BB6/archive/refs/heads/botok.zip,0.09
P9321E22F,https://github.com/OpenPecha/P9321E22F/archive/refs/heads/botok.zip,0.12
P944EFA0F,https://github.com/OpenPecha/P944EFA0F/archive/refs/heads/botok.zip,0.22
P9471C844,https://github.com/OpenPecha/P9471C844/archive/refs/heads/botok.zip,0.1
P94796829,https://github.com/OpenPecha/P94796829/archive/refs/heads/botok.zip,
P94D449DC,https://github.com/OpenPecha/P94D449DC/archive/refs/heads/botok.zip,0.15
P9529D216,https://github.com/OpenPecha/P9529D216/archive/refs/heads/botok.zip,0.16
P95BD989B,https://github.com/OpenPecha/P95BD989B/archive/refs/heads/botok.zip,0.21
P95E09C12,https://github.com/OpenPecha/P95E09C12/archive/refs/heads/botok.zip,0.12
P96979E13,https://github.com/OpenPecha/P96979E13/archive/refs/heads/botok.zip,
P96AEFF26,https://github.com/OpenPecha/P96AEFF26/archive/refs/heads/botok.zip,
P97C23560,https://github.com/OpenPecha/P97C23560/archive/refs/heads/botok.zip,0.15
P9859AC89,https://github.com/OpenPecha/P9859AC89/archive/refs/heads/botok.zip,0.14
P986A9269,https://github.com/OpenPecha/P986A9269/archive/refs/heads/botok.zip,
P989E91F1,https://github.com/OpenPecha/P989E91F1/archive/refs/heads/botok.zip,0.12
P9908D0FF,https://github.com/OpenPecha/P9908D0FF/archive/refs/heads/botok.zip,
P994E04E2,https://github.com/OpenPecha/P994E04E2/archive/refs/heads/botok.zip,0.16
P99519F5A,https://github.com/OpenPecha/P99519F5A/archive/refs/heads/botok.zip,
P99A856E3,https://github.com/OpenPecha/P99A856E3/archive/refs/heads/botok.zip,0.11
P99EF9831,https://github.com/OpenPecha/P99EF9831/archive/refs/heads/botok.zip,0.19
P9A170187,https://github.com/OpenPecha/P9A170187/archive/refs/heads/botok.zip,0.16
P9A5ABC55,https://github.com/OpenPecha/P9A5ABC55/archive/refs/heads/botok.zip,0.07
P9A9B499B,https://github.com/OpenPecha/P9A9B499B/archive/refs/heads/botok.zip,0.1
P9B95BAE7,https://github.com/OpenPecha/P9B95BAE7/archive/refs/heads/botok.zip,0.13
P9B9FB0B9,https://github.com/OpenPecha/P9B9FB0B9/archive/refs/heads/botok.zip,0.13
P9BBC3EB7,https://github.com/OpenPecha/P9BBC3EB7/archive/refs/heads/botok.zip,
P9C37C008,https://github.com/OpenPecha/P9C37C008/archive/refs/heads/botok.zip,0.19
P9C4874EB,https://github.com/OpenPecha/P9C4874EB/archive/refs/heads/botok.zip,
P9C50163C,https://github.com/OpenPecha/P9C50163C/archive/refs/heads/botok.zip,0.1
P9CE47C63,https://github.com/OpenPecha/P9CE47C63/archive/refs/heads/botok.zip,0.14
P9D2789E2,https://github.com/OpenPecha/P9D2789E2/archive/refs/heads/botok.zip,
P9E02F6EB,https://github.com/OpenPecha/P9E02F6EB/archive/refs/heads/botok.zip,0.11
P9E509599,https://github.com/OpenPecha/P9E509599/archive/refs/heads/botok.zip,0.14
P9EA16235,https://github.com/OpenPecha/P9EA16235/archive/refs/heads/botok.zip,0.12
P9EE59531,https://github.com/OpenPecha/P9EE59531/archive/refs/heads/botok.zip,
P9EF2A200,https://github.com/OpenPecha/P9EF2A200/archive/refs/heads/botok.zip,
P9F0995F3,https://github.com/OpenPecha/P9F0995F3/archive/refs/heads/botok.zip,
P9F413048,https://github.com/OpenPecha/P9F413048/archive/refs/heads/botok.zip,
P9FA5AF1A,https://github.com/OpenPecha/P9FA5AF1A/archive/refs/heads/botok.zip,
P9FE1569B,https://github.com/OpenPecha/P9FE1569B/archive/refs/heads/botok.zip,
PA131370F,https://github.com/OpenPecha/PA131370F/archive/refs/heads/botok.zip,
PA25DC576,https://github.com/OpenPecha/PA25DC576/archive/refs/heads/botok.zip,
PA2DCE824,https://github.com/OpenPecha/PA2DCE824/archive/refs/heads/botok.zip,0.1
PA36B6303,https://github.com/OpenPecha/PA36B6303/archive/refs/heads/botok.zip,0.11
PA3AAA755,https://github.com/OpenPecha/PA3AAA755/archive/refs/heads/botok.zip,
PA3B7B725,https://github.com/OpenPecha/PA3B7B725/archive/refs/heads/botok.zip,0.12
PA3EEECBC,https://github.com/OpenPecha/PA3EEECBC/archive/refs/heads/botok.zip,0.16
PA44AB0DC,https://github.com/OpenPecha/PA44AB0DC/archive/refs/heads/botok.zip,0.14
PA54901B4,https://github.com/OpenPecha/PA54901B4/archive/refs/heads/botok.zip,
PA60F12DA,https://github.com/OpenPecha/PA60F12DA/archive/refs/heads/botok.zip,0.14
PA7FFF0BF,https://github.com/OpenPecha/PA7FFF0BF/archive/refs/heads/botok.zip,
PA801C7E4,https://github.com/OpenPecha/PA801C7E4/archive/refs/heads/botok.zip,0.17
PA80E0B8F,https://github.com/OpenPecha/PA80E0B8F/archive/refs/heads/botok.zip,
PA813872C,https://github.com/OpenPecha/PA813872C/archive/refs/heads/botok.zip,
PA8E792F4,https://github.com/OpenPecha/PA8E792F4/archive/refs/heads/botok.zip,0.14
PAA07816C,https://github.com/OpenPecha/PAA07816C/archive/refs/heads/botok.zip,0.13
PAA0B044F,https://github.com/OpenPecha/PAA0B044F/archive/refs/heads/botok.zip,
PAA277A8A,https://github.com/OpenPecha/PAA277A8A/archive/refs/heads/botok.zip,0.11
PAA58A835,https://github.com/OpenPecha/PAA58A835/archive/refs/heads/botok.zip,
PAA66A219,https://github.com/OpenPecha/PAA66A219/archive/refs/heads/botok.zip,
PAABDA95B,https://github.com/OpenPecha/PAABDA95B/archive/refs/heads/botok.zip,
PAAC9A027,https://github.com/OpenPecha/PAAC9A027/archive/refs/heads/botok.zip,0.13
PAB01114E,https://github.com/OpenPecha/PAB01114E/archive/refs/heads/botok.zip,
PAB14B1EE,https://github.com/OpenPecha/PAB14B1EE/archive/refs/heads/botok.zip,0.12
PAC99EE65,https://github.com/OpenPecha/PAC99EE65/archive/refs/heads/botok.zip,
PACEB2227,https://github.com/OpenPecha/PACEB2227/archive/refs/heads/botok.zip,0.11
PAD4A3EA6,https://github.com/OpenPecha/PAD4A3EA6/archive/refs/heads/botok.zip,
PAD931777,https://github.com/OpenPecha/PAD931777/archive/refs/heads/botok.zip,0.13
PADB8EB88,https://github.com/OpenPecha/PADB8EB88/archive/refs/heads/botok.zip,0.24
PAF0192A2,https://github.com/OpenPecha/PAF0192A2/archive/refs/heads/botok.zip,
PAF87F511,https://github.com/OpenPecha/PAF87F511/archive/refs/heads/botok.zip,0.1
PB00C5B47,https://github.com/OpenPecha/PB00C5B47/archive/refs/heads/botok.zip,
PB1A14D69,https://github.com/OpenPecha/PB1A14D69/archive/refs/heads/botok.zip,
PB224FC0E,https://github.com/OpenPecha/PB224FC0E/archive/refs/heads/botok.zip,0.14
PB3ED7B51,https://github.com/OpenPecha/PB3ED7B51/archive/refs/heads/botok.zip,0.12
PB44EA04E,https://github.com/OpenPecha/PB44EA04E/archive/refs/heads/botok.zip,0.1
PB4DF81EE,https://github.com/OpenPecha/PB4DF81EE/archive/refs/heads/botok.zip,
PB53ACCB3,https://github.com/OpenPecha/PB53ACCB3/archive/refs/heads/botok.zip,0.09
PB5BBB374,https://github.com/OpenPecha/PB5BBB374/archive/refs/heads/botok.zip,0.2
PB60CCBCA,https://github.com/OpenPecha/PB60CCBCA/archive/refs/heads/botok.zip,0.14
PB6381FFB,https://github.com/OpenPecha/PB6381FFB/archive/refs/heads/botok.zip,0.15
PB66544E1,https://github.com/OpenPecha/PB66544E1/archive/refs/heads/botok.zip,0.11
PB6D621AB,https://github.com/OpenPecha/PB6D621AB/archive/refs/heads/botok.zip,
PB70EC6A0,https://github.com/OpenPecha/PB70EC6A0/archive/refs/heads/botok.zip,0.14
PB76BB967,https://github.com/OpenPecha/PB76BB967/archive/refs/heads/botok.zip,
PB7F878B9,https://github.com/OpenPecha/PB7F878B9/archive/refs/heads/botok.zip,0.17
PB7FA228A,https://github.com/OpenPecha/PB7FA228A/archive/refs/heads/botok.zip,
PB844DFBF,https://github.com/OpenPecha/PB844DFBF/archive/refs/heads/botok.zip,
PB88BBCCC,https://github.com/OpenPecha/PB88BBCCC/archive/refs/heads/botok.zip,0.12
PB8AE11B3,https://github.com/OpenPecha/PB8AE11B3/archive/refs/heads/botok.zip,0.1
PB9296EBB,https://github.com/OpenPecha/PB9296EBB/archive/refs/heads/botok.zip,0.11
PBAA77B0B,https://github.com/OpenPecha/PBAA77B0B/archive/refs/heads/botok.zip,0.13
PBB03C44F,https://github.com/OpenPecha/PBB03C44F/archive/refs/heads/botok.zip,0.13
PBB0761B2,https://github.com/OpenPecha/PBB0761B2/archive/refs/heads/botok.zip,0.21
PBB66BD34,https://github.com/OpenPecha/PBB66BD34/archive/refs/heads/botok.zip,0.12
PBB71AB42,https://github.com/OpenPecha/PBB71AB42/archive/refs/heads/botok.zip,0.13
PBBBB13EB,https://github.com/OpenPecha/PBBBB13EB/archive/refs/heads/botok.zip,0.15
PBBBD484B,https://github.com/OpenPecha/PBBBD484B/archive/refs/heads/botok.zip,0.12
PBC7AA818,https://github.com/OpenPecha/PBC7AA818/archive/refs/heads/botok.zip,
PBCC07981,https://github.com/OpenPecha/PBCC07981/archive/refs/heads/botok.zip,
PBD55AA4B,https://github.com/OpenPecha/PBD55AA4B/archive/refs/heads/botok.zip,0.13
PBD821407,https://github.com/OpenPecha/PBD821407/archive/refs/heads/botok.zip,
PBE4E3113,https://github.com/OpenPecha/PBE4E3113/archive/refs/heads/botok.zip,0.13
PBECA77DE,https://github.com/OpenPecha/PBECA77DE/archive/refs/heads/botok.zip,0.12
PBECD3E0A,https://github.com/OpenPecha/PBECD3E0A/archive/refs/heads/botok.zip,
PBFBA90BC,https://github.com/OpenPecha/PBFBA90BC/archive/refs/heads/botok.zip,0.1
PC0081177,https://github.com/OpenPecha/PC0081177/archive/refs/heads/botok.zip,0.15
PC00F7F09,https://github.com/OpenPecha/PC00F7F09/archive/refs/heads/botok.zip,0.11
PC0394549,https://github.com/OpenPecha/PC0394549/archive/refs/heads/botok.zip,0.21
PC05A4040,https://github.com/OpenPecha/PC05A4040/archive/refs/heads/botok.zip,0.14
PC1D9AB2A,https://github.com/OpenPecha/PC1D9AB2A/archive/refs/heads/botok.zip,0.11
PC2657272,https://github.com/OpenPecha/PC2657272/archive/refs/heads/botok.zip,
PC3A0EF41,https://github.com/OpenPecha/PC3A0EF41/archive/refs/heads/botok.zip,0.11
PC40A0DED,https://github.com/OpenPecha/PC40A0DED/archive/refs/heads/botok.zip,0.1
PC4882A7C,https://github.com/OpenPecha/PC4882A7C/archive/refs/heads/botok.zip,
PC5347426,https://github.com/OpenPecha/PC5347426/archive/refs/heads/botok.zip,
PC5854F18,https://github.com/OpenPecha/PC5854F18/archive/refs/heads/botok.zip,0.13
PC5C39C05,https://github.com/OpenPecha/PC5C39C05/archive/refs/heads/botok.zip,0.11
PC5ED7728,https://github.com/OpenPecha/PC5ED7728/archive/refs/heads/botok.zip,
PC66ADC16,https://github.com/OpenPecha/PC66ADC16/archive/refs/heads/botok.zip,0.11
PC6BC8C44,https://github.com/OpenPecha/PC6BC8C44/archive/refs/heads/botok.zip,
PC727A454,https://github.com/OpenPecha/PC727A454/archive/refs/heads/botok.zip,
PC747646F,https://github.com/OpenPecha/PC747646F/archive/refs/heads/botok.zip,0.12
PC766A174,https://github.com/OpenPecha/PC766A174/archive/refs/heads/botok.zip,0.09
PC7B2786D,https://github.com/OpenPecha/PC7B2786D/archive/refs/heads/botok.zip,
PC81DFCF1,https://github.com/OpenPecha/PC81DFCF1/archive/refs/heads/botok.zip,0.12
PC91C4D33,https://github.com/OpenPecha/PC91C4D33/archive/refs/heads/botok.zip,0.09
PC91E14C8,https://github.com/OpenPecha/PC91E14C8/archive/refs/heads/botok.zip,0.13
PC92B45CA,https://github.com/OpenPecha/PC92B45CA/archive/refs/heads/botok.zip,
PC9BF4F7B,https://github.com/OpenPecha/PC9BF4F7B/archive/refs/heads/botok.zip,
PCA3C26E9,https://github.com/OpenPecha/PCA3C26E9/archive/refs/heads/botok.zip,0.2
PCABAD4CB,https://github.com/OpenPecha/PCABAD4CB/archive/refs/heads/botok.zip,0.09
PCB220247,https://github.com/OpenPecha/PCB220247/archive/refs/heads/botok.zip,
PCBCBB45F,https://github.com/OpenPecha/PCBCBB45F/archive/refs/heads/botok.zip,0.14
PCC0110FC,https://github.com/OpenPecha/PCC0110FC/archive/refs/heads/botok.zip,
PCC402124,https://github.com/OpenPecha/PCC402124/archive/refs/heads/botok.zip,0.11
PCCF40755,https://github.com/OpenPecha/PCCF40755/archive/refs/heads/botok.zip,
PCD11A403,https://github.com/OpenPecha/PCD11A403/archive/refs/heads/botok.zip,0.12
PCD42F46F,https://github.com/OpenPecha/PCD42F46F/archive/refs/heads/botok.zip,0.62
PCEAB6469,https://github.com/OpenPecha/PCEAB6469/archive/refs/heads/botok.zip,
PCEC3159E,https://github.com/OpenPecha/PCEC3159E/archive/refs/heads/botok.zip,0.1
PCF9BEEAF,https://github.com/OpenPecha/PCF9BEEAF/archive/refs/heads/botok.zip,0.1
PCFA9A603,https://github.com/OpenPecha/PCFA9A603/archive/refs/heads/botok.zip,0.15
PD00453B4,https://github.com/OpenPecha/PD00453B4/archive/refs/heads/botok.zip,
PD04CFDAB,https://github.com/OpenPecha/PD04CFDAB/archive/refs/heads/botok.zip,
PD29B2C9B,https://github.com/OpenPecha/PD29B2C9B/archive/refs/heads/botok.zip,0.1
PD2B30082,https://github.com/OpenPecha/PD2B30082/archive/refs/heads/botok.zip,
PD2B503B2,https://github.com/OpenPecha/PD2B503B2/archive/refs/heads/botok.zip,0.13
PD2D49CA5,https://github.com/OpenPecha/PD2D49CA5/archive/refs/heads/botok.zip,
PD36AE42F,https://github.com/OpenPecha/PD36AE42F/archive/refs/heads/botok.zip,
PD36E5FAD,https://github.com/OpenPecha/PD36E5FAD/archive/refs/heads/botok.zip,0.15
PD38CBA5A,https://github.com/OpenPecha/PD38CBA5A/archive/refs/heads/botok.zip,
PD4134E91,https://github.com/OpenPecha/PD4134E91/archive/refs/heads/botok.zip,0.1
PD434CF3B,https://github.com/OpenPecha/PD434CF3B/archive/refs/heads/botok.zip,0.12
PD4706504,https://github.com/OpenPecha/PD4706504/archive/refs/heads/botok.zip,0.14
PD4844D1D,https://github.com/OpenPecha/PD4844D1D/archive/refs/heads/botok.zip,0.13
PD4E5584A,https://github.com/OpenPecha/PD4E5584A/archive/refs/heads/botok.zip,0.13
PD5E7310D,https://github.com/OpenPecha/PD5E7310D/archive/refs/heads/botok.zip,0.12
PD614F962,https://github.com/OpenPecha/PD614F962/archive/refs/heads/botok.zip,
PD72465D7,https://github.com/OpenPecha/PD72465D7/archive/refs/heads/botok.zip,
PD724AD23,https://github.com/OpenPecha/PD724AD23/archive/refs/heads/botok.zip,
PD787058D,https://github.com/OpenPecha/PD787058D/archive/refs/heads/botok.zip,0.11
PD7CEBC09,https://github.com/OpenPecha/PD7CEBC09/archive/refs/heads/botok.zip,0.11
PD8794FAF,https://github.com/OpenPecha/PD8794FAF/archive/refs/heads/botok.zip,0.17
PD8A69996,https://github.com/OpenPecha/PD8A69996/archive/refs/heads/botok.zip,
PD97D2C6F,https://github.com/OpenPecha/PD97D2C6F/archive/refs/heads/botok.zip,0.11
PD98FE23B,https://github.com/OpenPecha/PD98FE23B/archive/refs/heads/botok.zip,0.1
PD999B32F,https://github.com/OpenPecha/PD999B32F/archive/refs/heads/botok.zip,
PD9CAA54A,https://github.com/OpenPecha/PD9CAA54A/archive/refs/heads/botok.zip,0.12
PD9CFA424,https://github.com/OpenPecha/PD9CFA424/archive/refs/heads/botok.zip,0.13
PDA9AB6AD,https://github.com/OpenPecha/PDA9AB6AD/archive/refs/heads/botok.zip,
PDAB83DAA,https://github.com/OpenPecha/PDAB83DAA/archive/refs/heads/botok.zip,0.19
PDACE9744,https://github.com/OpenPecha/PDACE9744/archive/refs/heads/botok.zip,
PDB80E67B,https://github.com/OpenPecha/PDB80E67B/archive/refs/heads/botok.zip,
PDC1F94E1,https://github.com/OpenPecha/PDC1F94E1/archive/refs/heads/botok.zip,
PDC9BC1CC,https://github.com/OpenPecha/PDC9BC1CC/archive/refs/heads/botok.zip,
PDCEE91CE,https://github.com/OpenPecha/PDCEE91CE/archive/refs/heads/botok.zip,0.1
PDD434042,https://github.com/OpenPecha/PDD434042/archive/refs/heads/botok.zip,
PDD56FEBE,https://github.com/OpenPecha/PDD56FEBE/archive/refs/heads/botok.zip,0.1
PDDD01E11,https://github.com/OpenPecha/PDDD01E11/archive/refs/heads/botok.zip,0.11
PDE8203EC,https://github.com/OpenPecha/PDE8203EC/archive/refs/heads/botok.zip,0.11
PDE8627A7,https://github.com/OpenPecha/PDE8627A7/archive/refs/heads/botok.zip,
PDEE491CA,https://github.com/OpenPecha/PDEE491CA/archive/refs/heads/botok.zip,
PDF16DDFD,https://github.com/OpenPecha/PDF16DDFD/archive/refs/heads/botok.zip,
PE157C772,https://github.com/OpenPecha/PE157C772/archive/refs/heads/botok.zip,
PE2747439,https://github.com/OpenPecha/PE2747439/archive/refs/heads/botok.zip,0.08
PE29F93B3,https://github.com/OpenPecha/PE29F93B3/archive/refs/heads/botok.zip,0.12
PE3120E6D,https://github.com/OpenPecha/PE3120E6D/archive/refs/heads/botok.zip,
PE40C4CEB,https://github.com/OpenPecha/PE40C4CEB/archive/refs/heads/botok.zip,
PE4319A40,https://github.com/OpenPecha/PE4319A40/archive/refs/heads/botok.zip,0.19
PE4839839,https://github.com/OpenPecha/PE4839839/archive/refs/heads/botok.zip,
PE49C0B92,https://github.com/OpenPecha/PE49C0B92/archive/refs/heads/botok.zip,0.11
PE4A7B419,https://github.com/OpenPecha/PE4A7B419/archive/refs/heads/botok.zip,
PE4C7E80D,https://github.com/OpenPecha/PE4C7E80D/archive/refs/heads/botok.zip,0.14
PE4E9EEAE,https://github.com/OpenPecha/PE4E9EEAE/archive/refs/heads/botok.zip,0.13
PE4F896F9,https://github.com/OpenPecha/PE4F896F9/archive/refs/heads/botok.zip,0.13
PE5A4B266,https://github.com/OpenPecha/PE5A4B266/archive/refs/heads/botok.zip,
PE5AD226B,https://github.com/OpenPecha/PE5AD226B/archive/refs/heads/botok.zip,
PE5B105BF,https://github.com/OpenPecha/PE5B105BF/archive/refs/heads/botok.zip,0.12
PE5FB4A17,https://github.com/OpenPecha/PE5FB4A17/archive/refs/heads/botok.zip,
PE7AD7D99,https://github.com/OpenPecha/PE7AD7D99/archive/refs/heads/botok.zip,0.13
PE7E3F7F7,https://github.com/OpenPecha/PE7E3F7F7/archive/refs/heads/botok.zip,0.1
PE8E41E91,https://github.com/OpenPecha/PE8E41E91/archive/refs/heads/botok.zip,0.21
PE9749986,https://github.com/OpenPecha/PE9749986/archive/refs/heads/botok.zip,0.1
PEA0233F4,https://github.com/OpenPecha/PEA0233F4/archive/refs/heads/botok.zip,0.11
PEA6EC657,https://github.com/OpenPecha/PEA6EC657/archive/refs/heads/botok.zip,0.1
PEC666E34,https://github.com/OpenPecha/PEC666E34/archive/refs/heads/botok.zip,0.15
PECB486E0,https://github.com/OpenPecha/PECB486E0/archive/refs/heads/botok.zip,
PED0BFF13,https://github.com/OpenPecha/PED0BFF13/archive/refs/heads/botok.zip,0.11
PED108D67,https://github.com/OpenPecha/PED108D67/archive/refs/heads/botok.zip,
PEDBD20DB,https://github.com/OpenPecha/PEDBD20DB/archive/refs/heads/botok.zip,
PF1C85D83,https://github.com/OpenPecha/PF1C85D83/archive/refs/heads/botok.zip,0.09
PF22E229E,https://github.com/OpenPecha/PF22E229E/archive/refs/heads/botok.zip,0.17
PF2477F09,https://github.com/OpenPecha/PF2477F09/archive/refs/heads/botok.zip,0.11
PF299AD42,https://github.com/OpenPecha/PF299AD42/archive/refs/heads/botok.zip,
PF405D0C0,https://github.com/OpenPecha/PF405D0C0/archive/refs/heads/botok.zip,
PF4A7554B,https://github.com/OpenPecha/PF4A7554B/archive/refs/heads/botok.zip,
PF59BA2A6,https://github.com/OpenPecha/PF59BA2A6/archive/refs/heads/botok.zip,
PF73D47F7,https://github.com/OpenPecha/PF73D47F7/archive/refs/heads/botok.zip,
PF7F66644,https://github.com/OpenPecha/PF7F66644/archive/refs/heads/botok.zip,
PF8C3E3F8,https://github.com/OpenPecha/PF8C3E3F8/archive/refs/heads/botok.zip,
PF920EFD9,https://github.com/OpenPecha/PF920EFD9/archive/refs/heads/botok.zip,
PF9F5BF88,https://github.com/OpenPecha/PF9F5BF88/archive/refs/heads/botok.zip,
PFA753BB7,https://github.com/OpenPecha/PFA753BB7/archive/refs/heads/botok.zip,
PFB142244,https://github.com/OpenPecha/PFB142244/archive/refs/heads/botok.zip,0.14
PFB2E808F,https://github.com/OpenPecha/PFB2E808F/archive/refs/heads/botok.zip,0.14
PFB73DBBF,https://github.com/OpenPecha/PFB73DBBF/archive/refs/heads/botok.zip,
PFBD476F2,https://github.com/OpenPecha/PFBD476F2/archive/refs/heads/botok.zip,0.1
PFC6C66C1,https://github.com/OpenPecha/PFC6C66C1/archive/refs/heads/botok.zip,
PFC8448CB,https://github.com/OpenPecha/PFC8448CB/archive/refs/heads/botok.zip,0.11
PFDC52F7D,https://github.com/OpenPecha/PFDC52F7D/archive/refs/heads/botok.zip,
PFE664748,https://github.com/OpenPecha/PFE664748/archive/refs/heads/botok.zip,
PFE9F59EF,https://github.com/OpenPecha/PFE9F59EF/archive/refs/heads/botok.zip,
PFEE9B370,https://github.com/OpenPecha/PFEE9B370/archive/refs/heads/botok.zip,0.17
PFF17FF4A,https://github.com/OpenPecha/PFF17FF4A/archive/refs/heads/botok.zip,0.16
PFF2C68BF,https://github.com/OpenPecha/PFF2C68BF/archive/refs/heads/botok.zip,
PFF5CF90C,https://github.com/OpenPecha/PFF5CF90C/archive/refs/heads/botok.zip,
